regio,telepulestipus,lakastipus,idoszak,atlagár_mFt
Budapest,főváros,Használt lakások,2021. I.,39.9
Budapest,főváros,Használt lakások,2021. II.,40.1
Budapest,főváros,Használt lakások,2021. III.,40.2
Budapest,főváros,Használt lakások,2021. IV.,41.6
Budapest,főváros,Használt lakások,2022. I.,46.3
Budapest,főváros,Használt lakások,2022. II.,50
Budapest,főváros,Használt lakások,2022. III.,50.4
Budapest,főváros,Használt lakások,2022. IV.,49.3
Budapest,főváros,Használt lakások,2023. I.,51.7
Budapest,főváros,Használt lakások,2023. II.,51.9
Budapest,főváros,Használt lakások,2023. III.,50.5
Budapest,főváros,Használt lakások,2023. IV.,51.6
Budapest,főváros,Használt lakások,2024. I.,53.8
Budapest,főváros,Használt lakások,2024. II.,57.1
Budapest,főváros,Használt lakások,2024. III.,56.2
Budapest,főváros,Használt lakások,2024. IV.,58
Budapest,főváros,Használt lakások,2025. I.,65.5
Budapest,főváros,Használt lakások,2025. II.,69
Budapest,főváros,Használt lakások,2025. III.,66.8
Budapest,főváros,Használt lakások,2025. IV.,67.7
Pest,városok,Használt lakások,2021. I.,38.3
Pest,városok,Használt lakások,2021. II.,38.9
Pest,városok,Használt lakások,2021. III.,41.9
Pest,városok,Használt lakások,2021. IV.,48.2
Pest,városok,Használt lakások,2022. I.,46.9
Pest,városok,Használt lakások,2022. II.,49.8
Pest,városok,Használt lakások,2022. III.,49.3
Pest,városok,Használt lakások,2022. IV.,48.6
Pest,városok,Használt lakások,2023. I.,46.7
Pest,városok,Használt lakások,2023. II.,48.5
Pest,városok,Használt lakások,2023. III.,46
Pest,városok,Használt lakások,2023. IV.,47.9
Pest,városok,Használt lakások,2024. I.,53
Pest,városok,Használt lakások,2024. II.,54.2
Pest,városok,Használt lakások,2024. III.,53
Pest,városok,Használt lakások,2024. IV.,54.5
Pest,városok,Használt lakások,2025. I.,58.7
Pest,városok,Használt lakások,2025. II.,58.4
Pest,városok,Használt lakások,2025. III.,61.9
Pest,városok,Használt lakások,2025. IV.,65.6
Pest,községek,Használt lakások,2021. I.,31.9
Pest,községek,Használt lakások,2021. II.,31.8
Pest,községek,Használt lakások,2021. III.,31.7
Pest,községek,Használt lakások,2021. IV.,40.2
Pest,községek,Használt lakások,2022. I.,37.4
Pest,községek,Használt lakások,2022. II.,40.5
Pest,községek,Használt lakások,2022. III.,36.2
Pest,községek,Használt lakások,2022. IV.,33.3
Pest,községek,Használt lakások,2023. I.,33.8
Pest,községek,Használt lakások,2023. II.,35.9
Pest,községek,Használt lakások,2023. III.,34.8
Pest,községek,Használt lakások,2023. IV.,37
Pest,községek,Használt lakások,2024. I.,45.4
Pest,községek,Használt lakások,2024. II.,44.8
Pest,községek,Használt lakások,2024. III.,40.6
Pest,községek,Használt lakások,2024. IV.,44.1
Pest,községek,Használt lakások,2025. I.,45.2
Pest,községek,Használt lakások,2025. II.,43.8
Pest,községek,Használt lakások,2025. III.,50.7
Pest,községek,Használt lakások,2025. IV.,53.1
Pest,együtt,Használt lakások,2021. I.,36.5
Pest,együtt,Használt lakások,2021. II.,36.6
Pest,együtt,Használt lakások,2021. III.,38.8
Pest,együtt,Használt lakások,2021. IV.,45.7
Pest,együtt,Használt lakások,2022. I.,43.9
Pest,együtt,Használt lakások,2022. II.,46.7
Pest,együtt,Használt lakások,2022. III.,44.9
Pest,együtt,Használt lakások,2022. IV.,43.5
Pest,együtt,Használt lakások,2023. I.,43
Pest,együtt,Használt lakások,2023. II.,44.6
Pest,együtt,Használt lakások,2023. III.,42.7
Pest,együtt,Használt lakások,2023. IV.,44.9
Pest,együtt,Használt lakások,2024. I.,50.9
Pest,együtt,Használt lakások,2024. II.,51.5
Pest,együtt,Használt lakások,2024. III.,49.4
Pest,együtt,Használt lakások,2024. IV.,51.4
Pest,együtt,Használt lakások,2025. I.,55
Pest,együtt,Használt lakások,2025. II.,54.3
Pest,együtt,Használt lakások,2025. III.,58.6
Pest,együtt,Használt lakások,2025. IV.,62
Közép-Dunántúl,vármegyeszékhely,Használt lakások,2021. I.,25.5
Közép-Dunántúl,vármegyeszékhely,Használt lakások,2021. II.,26.7
Közép-Dunántúl,vármegyeszékhely,Használt lakások,2021. III.,27.2
Közép-Dunántúl,vármegyeszékhely,Használt lakások,2021. IV.,29
Közép-Dunántúl,vármegyeszékhely,Használt lakások,2022. I.,32.6
Közép-Dunántúl,vármegyeszékhely,Használt lakások,2022. II.,36.3
Közép-Dunántúl,vármegyeszékhely,Használt lakások,2022. III.,34.1
Közép-Dunántúl,vármegyeszékhely,Használt lakások,2022. IV.,32.5
Közép-Dunántúl,vármegyeszékhely,Használt lakások,2023. I.,33.3
Közép-Dunántúl,vármegyeszékhely,Használt lakások,2023. II.,34.6
Közép-Dunántúl,vármegyeszékhely,Használt lakások,2023. III.,35
Közép-Dunántúl,vármegyeszékhely,Használt lakások,2023. IV.,33.7
Közép-Dunántúl,vármegyeszékhely,Használt lakások,2024. I.,35.6
Közép-Dunántúl,vármegyeszékhely,Használt lakások,2024. II.,38.2
Közép-Dunántúl,vármegyeszékhely,Használt lakások,2024. III.,37.6
Közép-Dunántúl,vármegyeszékhely,Használt lakások,2024. IV.,39.1
Közép-Dunántúl,vármegyeszékhely,Használt lakások,2025. I.,43.1
Közép-Dunántúl,vármegyeszékhely,Használt lakások,2025. II.,46.3
Közép-Dunántúl,vármegyeszékhely,Használt lakások,2025. III.,47
Közép-Dunántúl,vármegyeszékhely,Használt lakások,2025. IV.,50.5
Közép-Dunántúl,városok,Használt lakások,2021. I.,21.4
Közép-Dunántúl,városok,Használt lakások,2021. II.,23.4
Közép-Dunántúl,városok,Használt lakások,2021. III.,22.4
Közép-Dunántúl,városok,Használt lakások,2021. IV.,23
Közép-Dunántúl,városok,Használt lakások,2022. I.,26.6
Közép-Dunántúl,városok,Használt lakások,2022. II.,28.6
Közép-Dunántúl,városok,Használt lakások,2022. III.,27.9
Közép-Dunántúl,városok,Használt lakások,2022. IV.,26.5
Közép-Dunántúl,városok,Használt lakások,2023. I.,27.8
Közép-Dunántúl,városok,Használt lakások,2023. II.,28.9
Közép-Dunántúl,városok,Használt lakások,2023. III.,31
Közép-Dunántúl,városok,Használt lakások,2023. IV.,30.3
Közép-Dunántúl,városok,Használt lakások,2024. I.,31.7
Közép-Dunántúl,városok,Használt lakások,2024. II.,33.5
Közép-Dunántúl,városok,Használt lakások,2024. III.,34.1
Közép-Dunántúl,városok,Használt lakások,2024. IV.,33.2
Közép-Dunántúl,városok,Használt lakások,2025. I.,35.3
Közép-Dunántúl,városok,Használt lakások,2025. II.,38.1
Közép-Dunántúl,városok,Használt lakások,2025. III.,37.6
Közép-Dunántúl,városok,Használt lakások,2025. IV.,41.5
Közép-Dunántúl,községek,Használt lakások,2021. I.,18.8
Közép-Dunántúl,községek,Használt lakások,2021. II.,18.8
Közép-Dunántúl,községek,Használt lakások,2021. III.,18.9
Közép-Dunántúl,községek,Használt lakások,2021. IV.,19.2
Közép-Dunántúl,községek,Használt lakások,2022. I.,23.1
Közép-Dunántúl,községek,Használt lakások,2022. II.,22.8
Közép-Dunántúl,községek,Használt lakások,2022. III.,21.7
Közép-Dunántúl,községek,Használt lakások,2022. IV.,21.9
Közép-Dunántúl,községek,Használt lakások,2023. I.,22.6
Közép-Dunántúl,községek,Használt lakások,2023. II.,23
Közép-Dunántúl,községek,Használt lakások,2023. III.,23.7
Közép-Dunántúl,községek,Használt lakások,2023. IV.,25.2
Közép-Dunántúl,községek,Használt lakások,2024. I.,28.1
Közép-Dunántúl,községek,Használt lakások,2024. II.,28.6
Közép-Dunántúl,községek,Használt lakások,2024. III.,28.8
Közép-Dunántúl,községek,Használt lakások,2024. IV.,31
Közép-Dunántúl,községek,Használt lakások,2025. I.,32.4
Közép-Dunántúl,községek,Használt lakások,2025. II.,33.2
Közép-Dunántúl,községek,Használt lakások,2025. III.,33.7
Közép-Dunántúl,községek,Használt lakások,2025. IV.,35.6
Közép-Dunántúl,együtt,Használt lakások,2021. I.,21.7
Közép-Dunántúl,együtt,Használt lakások,2021. II.,22.7
Közép-Dunántúl,együtt,Használt lakások,2021. III.,22.3
Közép-Dunántúl,együtt,Használt lakások,2021. IV.,23.4
Közép-Dunántúl,együtt,Használt lakások,2022. I.,27.2
Közép-Dunántúl,együtt,Használt lakások,2022. II.,28.3
Közép-Dunántúl,együtt,Használt lakások,2022. III.,27
Közép-Dunántúl,együtt,Használt lakások,2022. IV.,26
Közép-Dunántúl,együtt,Használt lakások,2023. I.,27.5
Közép-Dunántúl,együtt,Használt lakások,2023. II.,28
Közép-Dunántúl,együtt,Használt lakások,2023. III.,29.4
Közép-Dunántúl,együtt,Használt lakások,2023. IV.,29.8
Közép-Dunántúl,együtt,Használt lakások,2024. I.,31.9
Közép-Dunántúl,együtt,Használt lakások,2024. II.,33.2
Közép-Dunántúl,együtt,Használt lakások,2024. III.,33.4
Közép-Dunántúl,együtt,Használt lakások,2024. IV.,34.3
Közép-Dunántúl,együtt,Használt lakások,2025. I.,36.8
Közép-Dunántúl,együtt,Használt lakások,2025. II.,38.6
Közép-Dunántúl,együtt,Használt lakások,2025. III.,39.1
Közép-Dunántúl,együtt,Használt lakások,2025. IV.,42.2
Nyugat-Dunántúl,vármegyeszékhely,Használt lakások,2021. I.,24.7
Nyugat-Dunántúl,vármegyeszékhely,Használt lakások,2021. II.,25.5
Nyugat-Dunántúl,vármegyeszékhely,Használt lakások,2021. III.,26.2
Nyugat-Dunántúl,vármegyeszékhely,Használt lakások,2021. IV.,27.4
Nyugat-Dunántúl,vármegyeszékhely,Használt lakások,2022. I.,31.2
Nyugat-Dunántúl,vármegyeszékhely,Használt lakások,2022. II.,34.1
Nyugat-Dunántúl,vármegyeszékhely,Használt lakások,2022. III.,33.1
Nyugat-Dunántúl,vármegyeszékhely,Használt lakások,2022. IV.,34
Nyugat-Dunántúl,vármegyeszékhely,Használt lakások,2023. I.,34.9
Nyugat-Dunántúl,vármegyeszékhely,Használt lakások,2023. II.,35.9
Nyugat-Dunántúl,vármegyeszékhely,Használt lakások,2023. III.,36.7
Nyugat-Dunántúl,vármegyeszékhely,Használt lakások,2023. IV.,34.7
Nyugat-Dunántúl,vármegyeszékhely,Használt lakások,2024. I.,38.2
Nyugat-Dunántúl,vármegyeszékhely,Használt lakások,2024. II.,39.7
Nyugat-Dunántúl,vármegyeszékhely,Használt lakások,2024. III.,41.2
Nyugat-Dunántúl,vármegyeszékhely,Használt lakások,2024. IV.,40.4
Nyugat-Dunántúl,vármegyeszékhely,Használt lakások,2025. I.,42.8
Nyugat-Dunántúl,vármegyeszékhely,Használt lakások,2025. II.,45.7
Nyugat-Dunántúl,vármegyeszékhely,Használt lakások,2025. III.,47
Nyugat-Dunántúl,vármegyeszékhely,Használt lakások,2025. IV.,49.4
Nyugat-Dunántúl,városok,Használt lakások,2021. I.,22.4
Nyugat-Dunántúl,városok,Használt lakások,2021. II.,23
Nyugat-Dunántúl,városok,Használt lakások,2021. III.,24.5
Nyugat-Dunántúl,városok,Használt lakások,2021. IV.,24.1
Nyugat-Dunántúl,városok,Használt lakások,2022. I.,27.2
Nyugat-Dunántúl,városok,Használt lakások,2022. II.,28.3
Nyugat-Dunántúl,városok,Használt lakások,2022. III.,29.7
Nyugat-Dunántúl,városok,Használt lakások,2022. IV.,27.4
Nyugat-Dunántúl,városok,Használt lakások,2023. I.,30.4
Nyugat-Dunántúl,városok,Használt lakások,2023. II.,30.5
Nyugat-Dunántúl,városok,Használt lakások,2023. III.,31.2
Nyugat-Dunántúl,városok,Használt lakások,2023. IV.,30.4
Nyugat-Dunántúl,városok,Használt lakások,2024. I.,34.2
Nyugat-Dunántúl,városok,Használt lakások,2024. II.,33.8
Nyugat-Dunántúl,városok,Használt lakások,2024. III.,35.2
Nyugat-Dunántúl,városok,Használt lakások,2024. IV.,35
Nyugat-Dunántúl,városok,Használt lakások,2025. I.,36.9
Nyugat-Dunántúl,városok,Használt lakások,2025. II.,38.7
Nyugat-Dunántúl,városok,Használt lakások,2025. III.,40.9
Nyugat-Dunántúl,városok,Használt lakások,2025. IV.,40.5
Nyugat-Dunántúl,községek,Használt lakások,2021. I.,16.3
Nyugat-Dunántúl,községek,Használt lakások,2021. II.,17
Nyugat-Dunántúl,községek,Használt lakások,2021. III.,16.9
Nyugat-Dunántúl,községek,Használt lakások,2021. IV.,17.9
Nyugat-Dunántúl,községek,Használt lakások,2022. I.,20.7
Nyugat-Dunántúl,községek,Használt lakások,2022. II.,21.1
Nyugat-Dunántúl,községek,Használt lakások,2022. III.,20.7
Nyugat-Dunántúl,községek,Használt lakások,2022. IV.,20.1
Nyugat-Dunántúl,községek,Használt lakások,2023. I.,21
Nyugat-Dunántúl,községek,Használt lakások,2023. II.,21.2
Nyugat-Dunántúl,községek,Használt lakások,2023. III.,21.9
Nyugat-Dunántúl,községek,Használt lakások,2023. IV.,23.5
Nyugat-Dunántúl,községek,Használt lakások,2024. I.,28.4
Nyugat-Dunántúl,községek,Használt lakások,2024. II.,25.8
Nyugat-Dunántúl,községek,Használt lakások,2024. III.,27.6
Nyugat-Dunántúl,községek,Használt lakások,2024. IV.,29
Nyugat-Dunántúl,községek,Használt lakások,2025. I.,31.1
Nyugat-Dunántúl,községek,Használt lakások,2025. II.,29.7
Nyugat-Dunántúl,községek,Használt lakások,2025. III.,32.8
Nyugat-Dunántúl,községek,Használt lakások,2025. IV.,32.5
Nyugat-Dunántúl,együtt,Használt lakások,2021. I.,20.9
Nyugat-Dunántúl,együtt,Használt lakások,2021. II.,21.3
Nyugat-Dunántúl,együtt,Használt lakások,2021. III.,21.7
Nyugat-Dunántúl,együtt,Használt lakások,2021. IV.,22.6
Nyugat-Dunántúl,együtt,Használt lakások,2022. I.,26
Nyugat-Dunántúl,együtt,Használt lakások,2022. II.,26.6
Nyugat-Dunántúl,együtt,Használt lakások,2022. III.,26.5
Nyugat-Dunántúl,együtt,Használt lakások,2022. IV.,25.8
Nyugat-Dunántúl,együtt,Használt lakások,2023. I.,27.7
Nyugat-Dunántúl,együtt,Használt lakások,2023. II.,28
Nyugat-Dunántúl,együtt,Használt lakások,2023. III.,29
Nyugat-Dunántúl,együtt,Használt lakások,2023. IV.,29
Nyugat-Dunántúl,együtt,Használt lakások,2024. I.,33.6
Nyugat-Dunántúl,együtt,Használt lakások,2024. II.,32.7
Nyugat-Dunántúl,együtt,Használt lakások,2024. III.,34.1
Nyugat-Dunántúl,együtt,Használt lakások,2024. IV.,34.8
Nyugat-Dunántúl,együtt,Használt lakások,2025. I.,37.1
Nyugat-Dunántúl,együtt,Használt lakások,2025. II.,37.2
Nyugat-Dunántúl,együtt,Használt lakások,2025. III.,40.2
Nyugat-Dunántúl,együtt,Használt lakások,2025. IV.,40.9
Dél-Dunántúl,vármegyeszékhely,Használt lakások,2021. I.,19.6
Dél-Dunántúl,vármegyeszékhely,Használt lakások,2021. II.,20.4
Dél-Dunántúl,vármegyeszékhely,Használt lakások,2021. III.,20.6
Dél-Dunántúl,vármegyeszékhely,Használt lakások,2021. IV.,22.1
Dél-Dunántúl,vármegyeszékhely,Használt lakások,2022. I.,24.7
Dél-Dunántúl,vármegyeszékhely,Használt lakások,2022. II.,27.1
Dél-Dunántúl,vármegyeszékhely,Használt lakások,2022. III.,26.7
Dél-Dunántúl,vármegyeszékhely,Használt lakások,2022. IV.,26
Dél-Dunántúl,vármegyeszékhely,Használt lakások,2023. I.,27.6
Dél-Dunántúl,vármegyeszékhely,Használt lakások,2023. II.,28.2
Dél-Dunántúl,vármegyeszékhely,Használt lakások,2023. III.,28.2
Dél-Dunántúl,vármegyeszékhely,Használt lakások,2023. IV.,29.6
Dél-Dunántúl,vármegyeszékhely,Használt lakások,2024. I.,30.4
Dél-Dunántúl,vármegyeszékhely,Használt lakások,2024. II.,31.6
Dél-Dunántúl,vármegyeszékhely,Használt lakások,2024. III.,32
Dél-Dunántúl,vármegyeszékhely,Használt lakások,2024. IV.,33.1
Dél-Dunántúl,vármegyeszékhely,Használt lakások,2025. I.,37.6
Dél-Dunántúl,vármegyeszékhely,Használt lakások,2025. II.,38.9
Dél-Dunántúl,vármegyeszékhely,Használt lakások,2025. III.,41.2
Dél-Dunántúl,vármegyeszékhely,Használt lakások,2025. IV.,44.3
Dél-Dunántúl,városok,Használt lakások,2021. I.,19.9
Dél-Dunántúl,városok,Használt lakások,2021. II.,20.3
Dél-Dunántúl,városok,Használt lakások,2021. III.,18.6
Dél-Dunántúl,városok,Használt lakások,2021. IV.,21.1
Dél-Dunántúl,városok,Használt lakások,2022. I.,23.7
Dél-Dunántúl,városok,Használt lakások,2022. II.,23.5
Dél-Dunántúl,városok,Használt lakások,2022. III.,22.6
Dél-Dunántúl,városok,Használt lakások,2022. IV.,22.4
Dél-Dunántúl,városok,Használt lakások,2023. I.,22.8
Dél-Dunántúl,városok,Használt lakások,2023. II.,25
Dél-Dunántúl,városok,Használt lakások,2023. III.,23.8
Dél-Dunántúl,városok,Használt lakások,2023. IV.,25.1
Dél-Dunántúl,városok,Használt lakások,2024. I.,27.8
Dél-Dunántúl,városok,Használt lakások,2024. II.,29.1
Dél-Dunántúl,városok,Használt lakások,2024. III.,29.2
Dél-Dunántúl,városok,Használt lakások,2024. IV.,30.1
Dél-Dunántúl,városok,Használt lakások,2025. I.,32.2
Dél-Dunántúl,városok,Használt lakások,2025. II.,34.3
Dél-Dunántúl,városok,Használt lakások,2025. III.,33.5
Dél-Dunántúl,városok,Használt lakások,2025. IV.,38.1
Dél-Dunántúl,községek,Használt lakások,2021. I.,9.3
Dél-Dunántúl,községek,Használt lakások,2021. II.,9.7
Dél-Dunántúl,községek,Használt lakások,2021. III.,9.6
Dél-Dunántúl,községek,Használt lakások,2021. IV.,10.8
Dél-Dunántúl,községek,Használt lakások,2022. I.,11.2
Dél-Dunántúl,községek,Használt lakások,2022. II.,11.8
Dél-Dunántúl,községek,Használt lakások,2022. III.,11.1
Dél-Dunántúl,községek,Használt lakások,2022. IV.,10.9
Dél-Dunántúl,községek,Használt lakások,2023. I.,10.8
Dél-Dunántúl,községek,Használt lakások,2023. II.,11
Dél-Dunántúl,községek,Használt lakások,2023. III.,11.4
Dél-Dunántúl,községek,Használt lakások,2023. IV.,11.6
Dél-Dunántúl,községek,Használt lakások,2024. I.,14.6
Dél-Dunántúl,községek,Használt lakások,2024. II.,15.1
Dél-Dunántúl,községek,Használt lakások,2024. III.,14.8
Dél-Dunántúl,községek,Használt lakások,2024. IV.,15.6
Dél-Dunántúl,községek,Használt lakások,2025. I.,18.3
Dél-Dunántúl,községek,Használt lakások,2025. II.,17.5
Dél-Dunántúl,községek,Használt lakások,2025. III.,18
Dél-Dunántúl,községek,Használt lakások,2025. IV.,19.5
Dél-Dunántúl,együtt,Használt lakások,2021. I.,15.9
Dél-Dunántúl,együtt,Használt lakások,2021. II.,16
Dél-Dunántúl,együtt,Használt lakások,2021. III.,15.3
Dél-Dunántúl,együtt,Használt lakások,2021. IV.,16.8
Dél-Dunántúl,együtt,Használt lakások,2022. I.,19.1
Dél-Dunántúl,együtt,Használt lakások,2022. II.,19.1
Dél-Dunántúl,együtt,Használt lakások,2022. III.,17.9
Dél-Dunántúl,együtt,Használt lakások,2022. IV.,17.7
Dél-Dunántúl,együtt,Használt lakások,2023. I.,19
Dél-Dunántúl,együtt,Használt lakások,2023. II.,19.5
Dél-Dunántúl,együtt,Használt lakások,2023. III.,19.2
Dél-Dunántúl,együtt,Használt lakások,2023. IV.,20.9
Dél-Dunántúl,együtt,Használt lakások,2024. I.,23.7
Dél-Dunántúl,együtt,Használt lakások,2024. II.,24.2
Dél-Dunántúl,együtt,Használt lakások,2024. III.,24.3
Dél-Dunántúl,együtt,Használt lakások,2024. IV.,25.9
Dél-Dunántúl,együtt,Használt lakások,2025. I.,29.4
Dél-Dunántúl,együtt,Használt lakások,2025. II.,29
Dél-Dunántúl,együtt,Használt lakások,2025. III.,30.8
Dél-Dunántúl,együtt,Használt lakások,2025. IV.,34
Észak-Magyarország,vármegyeszékhely,Használt lakások,2021. I.,16.9
Észak-Magyarország,vármegyeszékhely,Használt lakások,2021. II.,17.9
Észak-Magyarország,vármegyeszékhely,Használt lakások,2021. III.,17.5
Észak-Magyarország,vármegyeszékhely,Használt lakások,2021. IV.,18.5
Észak-Magyarország,vármegyeszékhely,Használt lakások,2022. I.,21
Észak-Magyarország,vármegyeszékhely,Használt lakások,2022. II.,21.8
Észak-Magyarország,vármegyeszékhely,Használt lakások,2022. III.,22.1
Észak-Magyarország,vármegyeszékhely,Használt lakások,2022. IV.,22.1
Észak-Magyarország,vármegyeszékhely,Használt lakások,2023. I.,22.7
Észak-Magyarország,vármegyeszékhely,Használt lakások,2023. II.,22.5
Észak-Magyarország,vármegyeszékhely,Használt lakások,2023. III.,21.9
Észak-Magyarország,vármegyeszékhely,Használt lakások,2023. IV.,22.3
Észak-Magyarország,vármegyeszékhely,Használt lakások,2024. I.,26.3
Észak-Magyarország,vármegyeszékhely,Használt lakások,2024. II.,26.9
Észak-Magyarország,vármegyeszékhely,Használt lakások,2024. III.,24.9
Észak-Magyarország,vármegyeszékhely,Használt lakások,2024. IV.,24.8
Észak-Magyarország,vármegyeszékhely,Használt lakások,2025. I.,28.8
Észak-Magyarország,vármegyeszékhely,Használt lakások,2025. II.,29.1
Észak-Magyarország,vármegyeszékhely,Használt lakások,2025. III.,31.3
Észak-Magyarország,vármegyeszékhely,Használt lakások,2025. IV.,31.1
Észak-Magyarország,városok,Használt lakások,2021. I.,11.8
Észak-Magyarország,városok,Használt lakások,2021. II.,12.5
Észak-Magyarország,városok,Használt lakások,2021. III.,12.4
Észak-Magyarország,városok,Használt lakások,2021. IV.,13.3
Észak-Magyarország,városok,Használt lakások,2022. I.,14.7
Észak-Magyarország,városok,Használt lakások,2022. II.,14.8
Észak-Magyarország,városok,Használt lakások,2022. III.,14.1
Észak-Magyarország,városok,Használt lakások,2022. IV.,14.1
Észak-Magyarország,városok,Használt lakások,2023. I.,15.2
Észak-Magyarország,városok,Használt lakások,2023. II.,16
Észak-Magyarország,városok,Használt lakások,2023. III.,16.1
Észak-Magyarország,városok,Használt lakások,2023. IV.,16.4
Észak-Magyarország,városok,Használt lakások,2024. I.,18.4
Észak-Magyarország,városok,Használt lakások,2024. II.,18.3
Észak-Magyarország,városok,Használt lakások,2024. III.,17.6
Észak-Magyarország,városok,Használt lakások,2024. IV.,18
Észak-Magyarország,városok,Használt lakások,2025. I.,19.8
Észak-Magyarország,városok,Használt lakások,2025. II.,20.1
Észak-Magyarország,városok,Használt lakások,2025. III.,21.5
Észak-Magyarország,városok,Használt lakások,2025. IV.,22.7
Észak-Magyarország,községek,Használt lakások,2021. I.,7.8
Észak-Magyarország,községek,Használt lakások,2021. II.,7.9
Észak-Magyarország,községek,Használt lakások,2021. III.,7.9
Észak-Magyarország,községek,Használt lakások,2021. IV.,8.2
Észak-Magyarország,községek,Használt lakások,2022. I.,9.5
Észak-Magyarország,községek,Használt lakások,2022. II.,9.7
Észak-Magyarország,községek,Használt lakások,2022. III.,9.2
Észak-Magyarország,községek,Használt lakások,2022. IV.,8.7
Észak-Magyarország,községek,Használt lakások,2023. I.,8.6
Észak-Magyarország,községek,Használt lakások,2023. II.,9.7
Észak-Magyarország,községek,Használt lakások,2023. III.,10
Észak-Magyarország,községek,Használt lakások,2023. IV.,9.9
Észak-Magyarország,községek,Használt lakások,2024. I.,12.1
Észak-Magyarország,községek,Használt lakások,2024. II.,12.2
Észak-Magyarország,községek,Használt lakások,2024. III.,11.7
Észak-Magyarország,községek,Használt lakások,2024. IV.,12.4
Észak-Magyarország,községek,Használt lakások,2025. I.,13.9
Észak-Magyarország,községek,Használt lakások,2025. II.,14.4
Észak-Magyarország,községek,Használt lakások,2025. III.,14.6
Észak-Magyarország,községek,Használt lakások,2025. IV.,17.5
Észak-Magyarország,együtt,Használt lakások,2021. I.,11.6
Észak-Magyarország,együtt,Használt lakások,2021. II.,11.6
Észak-Magyarország,együtt,Használt lakások,2021. III.,11.5
Észak-Magyarország,együtt,Használt lakások,2021. IV.,12.4
Észak-Magyarország,együtt,Használt lakások,2022. I.,14.2
Észak-Magyarország,együtt,Használt lakások,2022. II.,14
Észak-Magyarország,együtt,Használt lakások,2022. III.,13.6
Észak-Magyarország,együtt,Használt lakások,2022. IV.,13.1
Észak-Magyarország,együtt,Használt lakások,2023. I.,14.2
Észak-Magyarország,együtt,Használt lakások,2023. II.,14.7
Észak-Magyarország,együtt,Használt lakások,2023. III.,14.7
Észak-Magyarország,együtt,Használt lakások,2023. IV.,15.5
Észak-Magyarország,együtt,Használt lakások,2024. I.,18
Észak-Magyarország,együtt,Használt lakások,2024. II.,18
Észak-Magyarország,együtt,Használt lakások,2024. III.,16.9
Észak-Magyarország,együtt,Használt lakások,2024. IV.,17.8
Észak-Magyarország,együtt,Használt lakások,2025. I.,20.4
Észak-Magyarország,együtt,Használt lakások,2025. II.,20
Észak-Magyarország,együtt,Használt lakások,2025. III.,21.5
Észak-Magyarország,együtt,Használt lakások,2025. IV.,23.1
Észak-Alföld,vármegyeszékhely,Használt lakások,2021. I.,24.1
Észak-Alföld,vármegyeszékhely,Használt lakások,2021. II.,24.8
Észak-Alföld,vármegyeszékhely,Használt lakások,2021. III.,25.3
Észak-Alföld,vármegyeszékhely,Használt lakások,2021. IV.,25.9
Észak-Alföld,vármegyeszékhely,Használt lakások,2022. I.,29.3
Észak-Alföld,vármegyeszékhely,Használt lakások,2022. II.,31.2
Észak-Alföld,vármegyeszékhely,Használt lakások,2022. III.,31.1
Észak-Alföld,vármegyeszékhely,Használt lakások,2022. IV.,31.5
Észak-Alföld,vármegyeszékhely,Használt lakások,2023. I.,31.9
Észak-Alföld,vármegyeszékhely,Használt lakások,2023. II.,33
Észak-Alföld,vármegyeszékhely,Használt lakások,2023. III.,34.2
Észak-Alföld,vármegyeszékhely,Használt lakások,2023. IV.,35.4
Észak-Alföld,vármegyeszékhely,Használt lakások,2024. I.,37.9
Észak-Alföld,vármegyeszékhely,Használt lakások,2024. II.,38.3
Észak-Alföld,vármegyeszékhely,Használt lakások,2024. III.,38.8
Észak-Alföld,vármegyeszékhely,Használt lakások,2024. IV.,40.5
Észak-Alföld,vármegyeszékhely,Használt lakások,2025. I.,44
Észak-Alföld,vármegyeszékhely,Használt lakások,2025. II.,44.3
Észak-Alföld,vármegyeszékhely,Használt lakások,2025. III.,46.4
Észak-Alföld,vármegyeszékhely,Használt lakások,2025. IV.,49
Észak-Alföld,városok,Használt lakások,2021. I.,11.5
Észak-Alföld,városok,Használt lakások,2021. II.,12
Észak-Alföld,városok,Használt lakások,2021. III.,12.2
Észak-Alföld,városok,Használt lakások,2021. IV.,12.6
Észak-Alföld,városok,Használt lakások,2022. I.,14.3
Észak-Alföld,városok,Használt lakások,2022. II.,14.3
Észak-Alföld,városok,Használt lakások,2022. III.,14.7
Észak-Alföld,városok,Használt lakások,2022. IV.,13.2
Észak-Alföld,városok,Használt lakások,2023. I.,14.7
Észak-Alföld,városok,Használt lakások,2023. II.,14.6
Észak-Alföld,városok,Használt lakások,2023. III.,15.3
Észak-Alföld,városok,Használt lakások,2023. IV.,15.7
Észak-Alföld,városok,Használt lakások,2024. I.,18.8
Észak-Alföld,városok,Használt lakások,2024. II.,18.2
Észak-Alföld,városok,Használt lakások,2024. III.,18.3
Észak-Alföld,városok,Használt lakások,2024. IV.,18.9
Észak-Alföld,városok,Használt lakások,2025. I.,21.2
Észak-Alföld,városok,Használt lakások,2025. II.,20.8
Észak-Alföld,városok,Használt lakások,2025. III.,22.7
Észak-Alföld,városok,Használt lakások,2025. IV.,24.4
Észak-Alföld,községek,Használt lakások,2021. I.,6.1
Észak-Alföld,községek,Használt lakások,2021. II.,6.1
Észak-Alföld,községek,Használt lakások,2021. III.,6
Észak-Alföld,községek,Használt lakások,2021. IV.,5.9
Észak-Alföld,községek,Használt lakások,2022. I.,6.9
Észak-Alföld,községek,Használt lakások,2022. II.,6.9
Észak-Alföld,községek,Használt lakások,2022. III.,6.3
Észak-Alföld,községek,Használt lakások,2022. IV.,6.5
Észak-Alföld,községek,Használt lakások,2023. I.,6.8
Észak-Alföld,községek,Használt lakások,2023. II.,6.6
Észak-Alföld,községek,Használt lakások,2023. III.,6.9
Észak-Alföld,községek,Használt lakások,2023. IV.,7.4
Észak-Alföld,községek,Használt lakások,2024. I.,9
Észak-Alföld,községek,Használt lakások,2024. II.,9.6
Észak-Alföld,községek,Használt lakások,2024. III.,9.1
Észak-Alföld,községek,Használt lakások,2024. IV.,9.1
Észak-Alföld,községek,Használt lakások,2025. I.,9.6
Észak-Alföld,községek,Használt lakások,2025. II.,10.1
Észak-Alföld,községek,Használt lakások,2025. III.,10.7
Észak-Alföld,községek,Használt lakások,2025. IV.,11.6
Észak-Alföld,együtt,Használt lakások,2021. I.,14.3
Észak-Alföld,együtt,Használt lakások,2021. II.,14.1
Észak-Alföld,együtt,Használt lakások,2021. III.,13.9
Észak-Alföld,együtt,Használt lakások,2021. IV.,14.9
Észak-Alföld,együtt,Használt lakások,2022. I.,17.6
Észak-Alföld,együtt,Használt lakások,2022. II.,16.5
Észak-Alföld,együtt,Használt lakások,2022. III.,15.7
Észak-Alföld,együtt,Használt lakások,2022. IV.,14.7
Észak-Alföld,együtt,Használt lakások,2023. I.,17
Észak-Alföld,együtt,Használt lakások,2023. II.,16.4
Észak-Alföld,együtt,Használt lakások,2023. III.,17.4
Észak-Alföld,együtt,Használt lakások,2023. IV.,19.2
Észak-Alföld,együtt,Használt lakások,2024. I.,22.6
Észak-Alföld,együtt,Használt lakások,2024. II.,21.6
Észak-Alföld,együtt,Használt lakások,2024. III.,21.9
Észak-Alföld,együtt,Használt lakások,2024. IV.,24.1
Észak-Alföld,együtt,Használt lakások,2025. I.,26.1
Észak-Alföld,együtt,Használt lakások,2025. II.,24.5
Észak-Alföld,együtt,Használt lakások,2025. III.,27.2
Észak-Alföld,együtt,Használt lakások,2025. IV.,28.7
Dél-Alföld,vármegyeszékhely,Használt lakások,2021. I.,23.7
Dél-Alföld,vármegyeszékhely,Használt lakások,2021. II.,24.1
Dél-Alföld,vármegyeszékhely,Használt lakások,2021. III.,25
Dél-Alföld,vármegyeszékhely,Használt lakások,2021. IV.,25.3
Dél-Alföld,vármegyeszékhely,Használt lakások,2022. I.,28.7
Dél-Alföld,vármegyeszékhely,Használt lakások,2022. II.,30.6
Dél-Alföld,vármegyeszékhely,Használt lakások,2022. III.,30.4
Dél-Alföld,vármegyeszékhely,Használt lakások,2022. IV.,30.1
Dél-Alföld,vármegyeszékhely,Használt lakások,2023. I.,31.3
Dél-Alföld,vármegyeszékhely,Használt lakások,2023. II.,31.7
Dél-Alföld,vármegyeszékhely,Használt lakások,2023. III.,32
Dél-Alföld,vármegyeszékhely,Használt lakások,2023. IV.,32.5
Dél-Alföld,vármegyeszékhely,Használt lakások,2024. I.,34
Dél-Alföld,vármegyeszékhely,Használt lakások,2024. II.,36.4
Dél-Alföld,vármegyeszékhely,Használt lakások,2024. III.,36.1
Dél-Alföld,vármegyeszékhely,Használt lakások,2024. IV.,36.9
Dél-Alföld,vármegyeszékhely,Használt lakások,2025. I.,41.3
Dél-Alföld,vármegyeszékhely,Használt lakások,2025. II.,44.5
Dél-Alföld,vármegyeszékhely,Használt lakások,2025. III.,44.8
Dél-Alföld,vármegyeszékhely,Használt lakások,2025. IV.,49.3
Dél-Alföld,városok,Használt lakások,2021. I.,12.4
Dél-Alföld,városok,Használt lakások,2021. II.,12.5
Dél-Alföld,városok,Használt lakások,2021. III.,12.6
Dél-Alföld,városok,Használt lakások,2021. IV.,13.3
Dél-Alföld,városok,Használt lakások,2022. I.,14.9
Dél-Alföld,városok,Használt lakások,2022. II.,15.2
Dél-Alföld,városok,Használt lakások,2022. III.,14.5
Dél-Alföld,városok,Használt lakások,2022. IV.,13.8
Dél-Alföld,városok,Használt lakások,2023. I.,15.2
Dél-Alföld,városok,Használt lakások,2023. II.,15
Dél-Alföld,városok,Használt lakások,2023. III.,15.7
Dél-Alföld,városok,Használt lakások,2023. IV.,17
Dél-Alföld,városok,Használt lakások,2024. I.,18.6
Dél-Alföld,városok,Használt lakások,2024. II.,17.9
Dél-Alföld,városok,Használt lakások,2024. III.,18.8
Dél-Alföld,városok,Használt lakások,2024. IV.,19
Dél-Alföld,városok,Használt lakások,2025. I.,21.5
Dél-Alföld,városok,Használt lakások,2025. II.,21.5
Dél-Alföld,városok,Használt lakások,2025. III.,22.8
Dél-Alföld,városok,Használt lakások,2025. IV.,24.7
Dél-Alföld,községek,Használt lakások,2021. I.,7
Dél-Alföld,községek,Használt lakások,2021. II.,7.1
Dél-Alföld,községek,Használt lakások,2021. III.,7.2
Dél-Alföld,községek,Használt lakások,2021. IV.,7.6
Dél-Alföld,községek,Használt lakások,2022. I.,8.6
Dél-Alföld,községek,Használt lakások,2022. II.,9.1
Dél-Alföld,községek,Használt lakások,2022. III.,7.7
Dél-Alföld,községek,Használt lakások,2022. IV.,7.4
Dél-Alföld,községek,Használt lakások,2023. I.,8.3
Dél-Alföld,községek,Használt lakások,2023. II.,8.4
Dél-Alföld,községek,Használt lakások,2023. III.,8.7
Dél-Alföld,községek,Használt lakások,2023. IV.,8.9
Dél-Alföld,községek,Használt lakások,2024. I.,10.9
Dél-Alföld,községek,Használt lakások,2024. II.,11.6
Dél-Alföld,községek,Használt lakások,2024. III.,10.9
Dél-Alföld,községek,Használt lakások,2024. IV.,11.5
Dél-Alföld,községek,Használt lakások,2025. I.,11.9
Dél-Alföld,községek,Használt lakások,2025. II.,11.8
Dél-Alföld,községek,Használt lakások,2025. III.,13.5
Dél-Alföld,községek,Használt lakások,2025. IV.,16.5
Dél-Alföld,együtt,Használt lakások,2021. I.,14.5
Dél-Alföld,együtt,Használt lakások,2021. II.,14.3
Dél-Alföld,együtt,Használt lakások,2021. III.,14.5
Dél-Alföld,együtt,Használt lakások,2021. IV.,15.5
Dél-Alföld,együtt,Használt lakások,2022. I.,17.8
Dél-Alföld,együtt,Használt lakások,2022. II.,17.4
Dél-Alföld,együtt,Használt lakások,2022. III.,16.4
Dél-Alföld,együtt,Használt lakások,2022. IV.,15.4
Dél-Alföld,együtt,Használt lakások,2023. I.,17.7
Dél-Alföld,együtt,Használt lakások,2023. II.,16.8
Dél-Alföld,együtt,Használt lakások,2023. III.,18.3
Dél-Alföld,együtt,Használt lakások,2023. IV.,19.3
Dél-Alföld,együtt,Használt lakások,2024. I.,22.3
Dél-Alföld,együtt,Használt lakások,2024. II.,21.6
Dél-Alföld,együtt,Használt lakások,2024. III.,21.5
Dél-Alföld,együtt,Használt lakások,2024. IV.,23.4
Dél-Alföld,együtt,Használt lakások,2025. I.,25.7
Dél-Alföld,együtt,Használt lakások,2025. II.,24.9
Dél-Alföld,együtt,Használt lakások,2025. III.,27.5
Dél-Alföld,együtt,Használt lakások,2025. IV.,30.5
Ország,főváros,Használt lakások,2021. I.,39.9
Ország,főváros,Használt lakások,2021. II.,40.1
Ország,főváros,Használt lakások,2021. III.,40.2
Ország,főváros,Használt lakások,2021. IV.,41.6
Ország,főváros,Használt lakások,2022. I.,46.3
Ország,főváros,Használt lakások,2022. II.,50
Ország,főváros,Használt lakások,2022. III.,50.4
Ország,főváros,Használt lakások,2022. IV.,49.3
Ország,főváros,Használt lakások,2023. I.,51.7
Ország,főváros,Használt lakások,2023. II.,51.9
Ország,főváros,Használt lakások,2023. III.,50.5
Ország,főváros,Használt lakások,2023. IV.,51.6
Ország,főváros,Használt lakások,2024. I.,53.8
Ország,főváros,Használt lakások,2024. II.,57.1
Ország,főváros,Használt lakások,2024. III.,56.2
Ország,főváros,Használt lakások,2024. IV.,58
Ország,főváros,Használt lakások,2025. I.,65.5
Ország,főváros,Használt lakások,2025. II.,69
Ország,főváros,Használt lakások,2025. III.,66.8
Ország,főváros,Használt lakások,2025. IV.,67.7
Ország,vármegyeszékhely,Használt lakások,2021. I.,22.6
Ország,vármegyeszékhely,Használt lakások,2021. II.,23.3
Ország,vármegyeszékhely,Használt lakások,2021. III.,23.7
Ország,vármegyeszékhely,Használt lakások,2021. IV.,24.7
Ország,vármegyeszékhely,Használt lakások,2022. I.,28
Ország,vármegyeszékhely,Használt lakások,2022. II.,30
Ország,vármegyeszékhely,Használt lakások,2022. III.,29.5
Ország,vármegyeszékhely,Használt lakások,2022. IV.,29.4
Ország,vármegyeszékhely,Használt lakások,2023. I.,30.3
Ország,vármegyeszékhely,Használt lakások,2023. II.,30.9
Ország,vármegyeszékhely,Használt lakások,2023. III.,31.4
Ország,vármegyeszékhely,Használt lakások,2023. IV.,31.6
Ország,vármegyeszékhely,Használt lakások,2024. I.,34.1
Ország,vármegyeszékhely,Használt lakások,2024. II.,35.3
Ország,vármegyeszékhely,Használt lakások,2024. III.,35.1
Ország,vármegyeszékhely,Használt lakások,2024. IV.,36.2
Ország,vármegyeszékhely,Használt lakások,2025. I.,39.9
Ország,vármegyeszékhely,Használt lakások,2025. II.,41.5
Ország,vármegyeszékhely,Használt lakások,2025. III.,43.2
Ország,vármegyeszékhely,Használt lakások,2025. IV.,46
Ország,városok,Használt lakások,2021. I.,20.9
Ország,városok,Használt lakások,2021. II.,20.3
Ország,városok,Használt lakások,2021. III.,19.7
Ország,városok,Használt lakások,2021. IV.,20.2
Ország,városok,Használt lakások,2022. I.,24.7
Ország,városok,Használt lakások,2022. II.,23.8
Ország,városok,Használt lakások,2022. III.,22.8
Ország,városok,Használt lakások,2022. IV.,21.4
Ország,városok,Használt lakások,2023. I.,25.1
Ország,városok,Használt lakások,2023. II.,25.8
Ország,városok,Használt lakások,2023. III.,25.8
Ország,városok,Használt lakások,2023. IV.,27.1
Ország,városok,Használt lakások,2024. I.,30.8
Ország,városok,Használt lakások,2024. II.,30.9
Ország,városok,Használt lakások,2024. III.,30.8
Ország,városok,Használt lakások,2024. IV.,31.6
Ország,városok,Használt lakások,2025. I.,33.9
Ország,városok,Használt lakások,2025. II.,34
Ország,városok,Használt lakások,2025. III.,35.3
Ország,városok,Használt lakások,2025. IV.,38.9
Ország,községek,Használt lakások,2021. I.,12.9
Ország,községek,Használt lakások,2021. II.,12.5
Ország,községek,Használt lakások,2021. III.,11.9
Ország,községek,Használt lakások,2021. IV.,12.4
Ország,községek,Használt lakások,2022. I.,15.3
Ország,községek,Használt lakások,2022. II.,14.7
Ország,községek,Használt lakások,2022. III.,13.4
Ország,községek,Használt lakások,2022. IV.,12.6
Ország,községek,Használt lakások,2023. I.,14.1
Ország,községek,Használt lakások,2023. II.,14.6
Ország,községek,Használt lakások,2023. III.,14.7
Ország,községek,Használt lakások,2023. IV.,15.9
Ország,községek,Használt lakások,2024. I.,19.5
Ország,községek,Használt lakások,2024. II.,19.4
Ország,községek,Használt lakások,2024. III.,18.6
Ország,községek,Használt lakások,2024. IV.,20.5
Ország,községek,Használt lakások,2025. I.,21.6
Ország,községek,Használt lakások,2025. II.,21
Ország,községek,Használt lakások,2025. III.,23.1
Ország,községek,Használt lakások,2025. IV.,26.3
Ország,összesen,Használt lakások,2021. I.,23.3
Ország,összesen,Használt lakások,2021. II.,23
Ország,összesen,Használt lakások,2021. III.,22.5
Ország,összesen,Használt lakások,2021. IV.,24.4
Ország,összesen,Használt lakások,2022. I.,28.5
Ország,összesen,Használt lakások,2022. II.,28
Ország,összesen,Használt lakások,2022. III.,26.9
Ország,összesen,Használt lakások,2022. IV.,26
Ország,összesen,Használt lakások,2023. I.,28.9
Ország,összesen,Használt lakások,2023. II.,29
Ország,összesen,Használt lakások,2023. III.,28.9
Ország,összesen,Használt lakások,2023. IV.,31.4
Ország,összesen,Használt lakások,2024. I.,34.9
Ország,összesen,Használt lakások,2024. II.,35.3
Ország,összesen,Használt lakások,2024. III.,34.5
Ország,összesen,Használt lakások,2024. IV.,37.1
Ország,összesen,Használt lakások,2025. I.,39.9
Ország,összesen,Használt lakások,2025. II.,38.9
Ország,összesen,Használt lakások,2025. III.,41.1
Ország,összesen,Használt lakások,2025. IV.,45.1
Budapest,főváros,Új lakások,2021. I.,51.8
Budapest,főváros,Új lakások,2021. II.,53.5
Budapest,főváros,Új lakások,2021. III.,56.5
Budapest,főváros,Új lakások,2021. IV.,57.7
Budapest,főváros,Új lakások,2022. I.,64.8
Budapest,főváros,Új lakások,2022. II.,60
Budapest,főváros,Új lakások,2022. III.,60.5
Budapest,főváros,Új lakások,2022. IV.,66.9
Budapest,főváros,Új lakások,2023. I.,72.4
Budapest,főváros,Új lakások,2023. II.,79.5
Budapest,főváros,Új lakások,2023. III.,64.5
Budapest,főváros,Új lakások,2023. IV.,70.4
Budapest,főváros,Új lakások,2024. I.,83.9
Budapest,főváros,Új lakások,2024. II.,80.5
Budapest,főváros,Új lakások,2024. III.,73.3
Budapest,főváros,Új lakások,2024. IV.,84.1
Budapest,főváros,Új lakások,2025. I.,90.4
Budapest,főváros,Új lakások,2025. II.,102.2
Budapest,főváros,Új lakások,2025. III.,94.5
Budapest,főváros,Új lakások,2025. IV.,91.9
Pest,városok,Új lakások,2021. I.,48.7
Pest,városok,Új lakások,2021. II.,53.4
Pest,városok,Új lakások,2021. III.,55.1
Pest,városok,Új lakások,2021. IV.,60.9
Pest,városok,Új lakások,2022. I.,66.3
Pest,városok,Új lakások,2022. II.,67.5
Pest,városok,Új lakások,2022. III.,61.9
Pest,városok,Új lakások,2022. IV.,72
Pest,városok,Új lakások,2023. I.,67.3
Pest,városok,Új lakások,2023. II.,72.9
Pest,városok,Új lakások,2023. III.,63.8
Pest,városok,Új lakások,2023. IV.,62.6
Pest,városok,Új lakások,2024. I.,74.8
Pest,városok,Új lakások,2024. II.,73.2
Pest,városok,Új lakások,2024. III.,70.1
Pest,városok,Új lakások,2024. IV.,64.3
Pest,városok,Új lakások,2025. I.,77.3
Pest,városok,Új lakások,2025. II.,86.6
Pest,városok,Új lakások,2025. III.,79.9
Pest,városok,Új lakások,2025. IV.,84.8
Pest,községek,Új lakások,2021. I.,49
Pest,községek,Új lakások,2021. II.,54.1
Pest,községek,Új lakások,2021. III.,..
Pest,községek,Új lakások,2021. IV.,..
Pest,községek,Új lakások,2022. I.,67.6
Pest,községek,Új lakások,2022. II.,68.9
Pest,községek,Új lakások,2022. III.,..
Pest,községek,Új lakások,2022. IV.,..
Pest,községek,Új lakások,2023. I.,72.9
Pest,községek,Új lakások,2023. II.,71.7
Pest,községek,Új lakások,2023. III.,..
Pest,községek,Új lakások,2023. IV.,..
Pest,községek,Új lakások,2024. I.,72.5
Pest,községek,Új lakások,2024. II.,75.4
Pest,községek,Új lakások,2024. III.,..
Pest,községek,Új lakások,2024. IV.,..
Pest,községek,Új lakások,2025. I.,78.5
Pest,községek,Új lakások,2025. II.,85.4
Pest,községek,Új lakások,2025. III.,89.4
Pest,községek,Új lakások,2025. IV.,..
Pest,együtt,Új lakások,2021. I.,48.7
Pest,együtt,Új lakások,2021. II.,53.5
Pest,együtt,Új lakások,2021. III.,56.3
Pest,együtt,Új lakások,2021. IV.,61.2
Pest,együtt,Új lakások,2022. I.,66.8
Pest,együtt,Új lakások,2022. II.,67.9
Pest,együtt,Új lakások,2022. III.,65.2
Pest,együtt,Új lakások,2022. IV.,73.9
Pest,együtt,Új lakások,2023. I.,68.6
Pest,együtt,Új lakások,2023. II.,72.6
Pest,együtt,Új lakások,2023. III.,65.7
Pest,együtt,Új lakások,2023. IV.,65.2
Pest,együtt,Új lakások,2024. I.,74.2
Pest,együtt,Új lakások,2024. II.,73.8
Pest,együtt,Új lakások,2024. III.,75
Pest,együtt,Új lakások,2024. IV.,66.5
Pest,együtt,Új lakások,2025. I.,77.6
Pest,együtt,Új lakások,2025. II.,86.3
Pest,együtt,Új lakások,2025. III.,82.1
Pest,együtt,Új lakások,2025. IV.,83.8
Közép-Dunántúl,vármegyeszékhely,Új lakások,2021. I.,41
Közép-Dunántúl,vármegyeszékhely,Új lakások,2021. II.,37.9
Közép-Dunántúl,vármegyeszékhely,Új lakások,2021. III.,..
Közép-Dunántúl,vármegyeszékhely,Új lakások,2021. IV.,..
Közép-Dunántúl,vármegyeszékhely,Új lakások,2022. I.,53.8
Közép-Dunántúl,vármegyeszékhely,Új lakások,2022. II.,43.8
Közép-Dunántúl,vármegyeszékhely,Új lakások,2022. III.,..
Közép-Dunántúl,vármegyeszékhely,Új lakások,2022. IV.,55.6
Közép-Dunántúl,vármegyeszékhely,Új lakások,2023. I.,..
Közép-Dunántúl,vármegyeszékhely,Új lakások,2023. II.,..
Közép-Dunántúl,vármegyeszékhely,Új lakások,2023. III.,..
Közép-Dunántúl,vármegyeszékhely,Új lakások,2023. IV.,..
Közép-Dunántúl,vármegyeszékhely,Új lakások,2024. I.,59.9
Közép-Dunántúl,vármegyeszékhely,Új lakások,2024. II.,..
Közép-Dunántúl,vármegyeszékhely,Új lakások,2024. III.,..
Közép-Dunántúl,vármegyeszékhely,Új lakások,2024. IV.,..
Közép-Dunántúl,vármegyeszékhely,Új lakások,2025. I.,..
Közép-Dunántúl,vármegyeszékhely,Új lakások,2025. II.,..
Közép-Dunántúl,vármegyeszékhely,Új lakások,2025. III.,66.3
Közép-Dunántúl,vármegyeszékhely,Új lakások,2025. IV.,69
Közép-Dunántúl,városok,Új lakások,2021. I.,42.4
Közép-Dunántúl,városok,Új lakások,2021. II.,36
Közép-Dunántúl,városok,Új lakások,2021. III.,..
Közép-Dunántúl,városok,Új lakások,2021. IV.,..
Közép-Dunántúl,városok,Új lakások,2022. I.,46.8
Közép-Dunántúl,városok,Új lakások,2022. II.,40.7
Közép-Dunántúl,városok,Új lakások,2022. III.,39.3
Közép-Dunántúl,városok,Új lakások,2022. IV.,..
Közép-Dunántúl,városok,Új lakások,2023. I.,..
Közép-Dunántúl,városok,Új lakások,2023. II.,..
Közép-Dunántúl,városok,Új lakások,2023. III.,..
Közép-Dunántúl,városok,Új lakások,2023. IV.,..
Közép-Dunántúl,városok,Új lakások,2024. I.,..
Közép-Dunántúl,városok,Új lakások,2024. II.,..
Közép-Dunántúl,városok,Új lakások,2024. III.,..
Közép-Dunántúl,városok,Új lakások,2024. IV.,..
Közép-Dunántúl,városok,Új lakások,2025. I.,62.8
Közép-Dunántúl,városok,Új lakások,2025. II.,..
Közép-Dunántúl,városok,Új lakások,2025. III.,..
Közép-Dunántúl,városok,Új lakások,2025. IV.,..
Közép-Dunántúl,községek,Új lakások,2021. I.,..
Közép-Dunántúl,községek,Új lakások,2021. II.,..
Közép-Dunántúl,községek,Új lakások,2021. III.,..
Közép-Dunántúl,községek,Új lakások,2021. IV.,..
Közép-Dunántúl,községek,Új lakások,2022. I.,..
Közép-Dunántúl,községek,Új lakások,2022. II.,..
Közép-Dunántúl,községek,Új lakások,2022. III.,..
Közép-Dunántúl,községek,Új lakások,2022. IV.,..
Közép-Dunántúl,községek,Új lakások,2023. I.,..
Közép-Dunántúl,községek,Új lakások,2023. II.,..
Közép-Dunántúl,községek,Új lakások,2023. III.,..
Közép-Dunántúl,községek,Új lakások,2023. IV.,..
Közép-Dunántúl,községek,Új lakások,2024. I.,..
Közép-Dunántúl,községek,Új lakások,2024. II.,..
Közép-Dunántúl,községek,Új lakások,2024. III.,..
Közép-Dunántúl,községek,Új lakások,2024. IV.,..
Közép-Dunántúl,községek,Új lakások,2025. I.,..
Közép-Dunántúl,községek,Új lakások,2025. II.,..
Közép-Dunántúl,községek,Új lakások,2025. III.,..
Közép-Dunántúl,községek,Új lakások,2025. IV.,..
Közép-Dunántúl,együtt,Új lakások,2021. I.,41.2
Közép-Dunántúl,együtt,Új lakások,2021. II.,38
Közép-Dunántúl,együtt,Új lakások,2021. III.,46.5
Közép-Dunántúl,együtt,Új lakások,2021. IV.,43
Közép-Dunántúl,együtt,Új lakások,2022. I.,51.8
Közép-Dunántúl,együtt,Új lakások,2022. II.,43.9
Közép-Dunántúl,együtt,Új lakások,2022. III.,45
Közép-Dunántúl,együtt,Új lakások,2022. IV.,48.5
Közép-Dunántúl,együtt,Új lakások,2023. I.,56
Közép-Dunántúl,együtt,Új lakások,2023. II.,63.1
Közép-Dunántúl,együtt,Új lakások,2023. III.,64.8
Közép-Dunántúl,együtt,Új lakások,2023. IV.,59
Közép-Dunántúl,együtt,Új lakások,2024. I.,63.8
Közép-Dunántúl,együtt,Új lakások,2024. II.,61.5
Közép-Dunántúl,együtt,Új lakások,2024. III.,61
Közép-Dunántúl,együtt,Új lakások,2024. IV.,69.5
Közép-Dunántúl,együtt,Új lakások,2025. I.,71.5
Közép-Dunántúl,együtt,Új lakások,2025. II.,71
Közép-Dunántúl,együtt,Új lakások,2025. III.,69.6
Közép-Dunántúl,együtt,Új lakások,2025. IV.,76.3
Nyugat-Dunántúl,vármegyeszékhely,Új lakások,2021. I.,30.5
Nyugat-Dunántúl,vármegyeszékhely,Új lakások,2021. II.,29.8
Nyugat-Dunántúl,vármegyeszékhely,Új lakások,2021. III.,30.1
Nyugat-Dunántúl,vármegyeszékhely,Új lakások,2021. IV.,32.3
Nyugat-Dunántúl,vármegyeszékhely,Új lakások,2022. I.,41
Nyugat-Dunántúl,vármegyeszékhely,Új lakások,2022. II.,38.2
Nyugat-Dunántúl,vármegyeszékhely,Új lakások,2022. III.,33
Nyugat-Dunántúl,vármegyeszékhely,Új lakások,2022. IV.,..
Nyugat-Dunántúl,vármegyeszékhely,Új lakások,2023. I.,40.5
Nyugat-Dunántúl,vármegyeszékhely,Új lakások,2023. II.,41.4
Nyugat-Dunántúl,vármegyeszékhely,Új lakások,2023. III.,41.2
Nyugat-Dunántúl,vármegyeszékhely,Új lakások,2023. IV.,43.7
Nyugat-Dunántúl,vármegyeszékhely,Új lakások,2024. I.,43.3
Nyugat-Dunántúl,vármegyeszékhely,Új lakások,2024. II.,54.4
Nyugat-Dunántúl,vármegyeszékhely,Új lakások,2024. III.,..
Nyugat-Dunántúl,vármegyeszékhely,Új lakások,2024. IV.,52.2
Nyugat-Dunántúl,vármegyeszékhely,Új lakások,2025. I.,51.8
Nyugat-Dunántúl,vármegyeszékhely,Új lakások,2025. II.,60
Nyugat-Dunántúl,vármegyeszékhely,Új lakások,2025. III.,54.3
Nyugat-Dunántúl,vármegyeszékhely,Új lakások,2025. IV.,..
Nyugat-Dunántúl,városok,Új lakások,2021. I.,28.9
Nyugat-Dunántúl,városok,Új lakások,2021. II.,31
Nyugat-Dunántúl,városok,Új lakások,2021. III.,32.1
Nyugat-Dunántúl,városok,Új lakások,2021. IV.,36.9
Nyugat-Dunántúl,városok,Új lakások,2022. I.,40.9
Nyugat-Dunántúl,városok,Új lakások,2022. II.,35.3
Nyugat-Dunántúl,városok,Új lakások,2022. III.,35.7
Nyugat-Dunántúl,városok,Új lakások,2022. IV.,35.9
Nyugat-Dunántúl,városok,Új lakások,2023. I.,..
Nyugat-Dunántúl,városok,Új lakások,2023. II.,40
Nyugat-Dunántúl,városok,Új lakások,2023. III.,47.1
Nyugat-Dunántúl,városok,Új lakások,2023. IV.,37.5
Nyugat-Dunántúl,városok,Új lakások,2024. I.,37.5
Nyugat-Dunántúl,városok,Új lakások,2024. II.,37.8
Nyugat-Dunántúl,városok,Új lakások,2024. III.,..
Nyugat-Dunántúl,városok,Új lakások,2024. IV.,46.1
Nyugat-Dunántúl,városok,Új lakások,2025. I.,45.6
Nyugat-Dunántúl,városok,Új lakások,2025. II.,46.6
Nyugat-Dunántúl,városok,Új lakások,2025. III.,61.3
Nyugat-Dunántúl,városok,Új lakások,2025. IV.,..
Nyugat-Dunántúl,községek,Új lakások,2021. I.,37.9
Nyugat-Dunántúl,községek,Új lakások,2021. II.,38.4
Nyugat-Dunántúl,községek,Új lakások,2021. III.,36
Nyugat-Dunántúl,községek,Új lakások,2021. IV.,40.4
Nyugat-Dunántúl,községek,Új lakások,2022. I.,45.7
Nyugat-Dunántúl,községek,Új lakások,2022. II.,..
Nyugat-Dunántúl,községek,Új lakások,2022. III.,..
Nyugat-Dunántúl,községek,Új lakások,2022. IV.,..
Nyugat-Dunántúl,községek,Új lakások,2023. I.,..
Nyugat-Dunántúl,községek,Új lakások,2023. II.,..
Nyugat-Dunántúl,községek,Új lakások,2023. III.,..
Nyugat-Dunántúl,községek,Új lakások,2023. IV.,..
Nyugat-Dunántúl,községek,Új lakások,2024. I.,..
Nyugat-Dunántúl,községek,Új lakások,2024. II.,66.1
Nyugat-Dunántúl,községek,Új lakások,2024. III.,..
Nyugat-Dunántúl,községek,Új lakások,2024. IV.,..
Nyugat-Dunántúl,községek,Új lakások,2025. I.,..
Nyugat-Dunántúl,községek,Új lakások,2025. II.,..
Nyugat-Dunántúl,községek,Új lakások,2025. III.,72.9
Nyugat-Dunántúl,községek,Új lakások,2025. IV.,..
Nyugat-Dunántúl,együtt,Új lakások,2021. I.,31.5
Nyugat-Dunántúl,együtt,Új lakások,2021. II.,32
Nyugat-Dunántúl,együtt,Új lakások,2021. III.,32
Nyugat-Dunántúl,együtt,Új lakások,2021. IV.,35.3
Nyugat-Dunántúl,együtt,Új lakások,2022. I.,42.2
Nyugat-Dunántúl,együtt,Új lakások,2022. II.,39.2
Nyugat-Dunántúl,együtt,Új lakások,2022. III.,36.2
Nyugat-Dunántúl,együtt,Új lakások,2022. IV.,38.9
Nyugat-Dunántúl,együtt,Új lakások,2023. I.,44.6
Nyugat-Dunántúl,együtt,Új lakások,2023. II.,43.2
Nyugat-Dunántúl,együtt,Új lakások,2023. III.,46.5
Nyugat-Dunántúl,együtt,Új lakások,2023. IV.,41.4
Nyugat-Dunántúl,együtt,Új lakások,2024. I.,44.5
Nyugat-Dunántúl,együtt,Új lakások,2024. II.,52.2
Nyugat-Dunántúl,együtt,Új lakások,2024. III.,52.6
Nyugat-Dunántúl,együtt,Új lakások,2024. IV.,54.6
Nyugat-Dunántúl,együtt,Új lakások,2025. I.,53.9
Nyugat-Dunántúl,együtt,Új lakások,2025. II.,57.3
Nyugat-Dunántúl,együtt,Új lakások,2025. III.,61
Nyugat-Dunántúl,együtt,Új lakások,2025. IV.,62.3
Dél-Dunántúl,vármegyeszékhely,Új lakások,2021. I.,..
Dél-Dunántúl,vármegyeszékhely,Új lakások,2021. II.,..
Dél-Dunántúl,vármegyeszékhely,Új lakások,2021. III.,31.7
Dél-Dunántúl,vármegyeszékhely,Új lakások,2021. IV.,..
Dél-Dunántúl,vármegyeszékhely,Új lakások,2022. I.,..
Dél-Dunántúl,vármegyeszékhely,Új lakások,2022. II.,..
Dél-Dunántúl,vármegyeszékhely,Új lakások,2022. III.,..
Dél-Dunántúl,vármegyeszékhely,Új lakások,2022. IV.,..
Dél-Dunántúl,vármegyeszékhely,Új lakások,2023. I.,..
Dél-Dunántúl,vármegyeszékhely,Új lakások,2023. II.,..
Dél-Dunántúl,vármegyeszékhely,Új lakások,2023. III.,..
Dél-Dunántúl,vármegyeszékhely,Új lakások,2023. IV.,52.8
Dél-Dunántúl,vármegyeszékhely,Új lakások,2024. I.,..
Dél-Dunántúl,vármegyeszékhely,Új lakások,2024. II.,..
Dél-Dunántúl,vármegyeszékhely,Új lakások,2024. III.,..
Dél-Dunántúl,vármegyeszékhely,Új lakások,2024. IV.,..
Dél-Dunántúl,vármegyeszékhely,Új lakások,2025. I.,..
Dél-Dunántúl,vármegyeszékhely,Új lakások,2025. II.,..
Dél-Dunántúl,vármegyeszékhely,Új lakások,2025. III.,..
Dél-Dunántúl,vármegyeszékhely,Új lakások,2025. IV.,..
Dél-Dunántúl,városok,Új lakások,2021. I.,45.4
Dél-Dunántúl,városok,Új lakások,2021. II.,46.1
Dél-Dunántúl,városok,Új lakások,2021. III.,36.3
Dél-Dunántúl,városok,Új lakások,2021. IV.,53.7
Dél-Dunántúl,városok,Új lakások,2022. I.,53.9
Dél-Dunántúl,városok,Új lakások,2022. II.,59.7
Dél-Dunántúl,városok,Új lakások,2022. III.,62.4
Dél-Dunántúl,városok,Új lakások,2022. IV.,54.1
Dél-Dunántúl,városok,Új lakások,2023. I.,43.4
Dél-Dunántúl,városok,Új lakások,2023. II.,66
Dél-Dunántúl,városok,Új lakások,2023. III.,68.6
Dél-Dunántúl,városok,Új lakások,2023. IV.,61.2
Dél-Dunántúl,városok,Új lakások,2024. I.,65.8
Dél-Dunántúl,városok,Új lakások,2024. II.,80.6
Dél-Dunántúl,városok,Új lakások,2024. III.,70.9
Dél-Dunántúl,városok,Új lakások,2024. IV.,84.8
Dél-Dunántúl,városok,Új lakások,2025. I.,77.3
Dél-Dunántúl,városok,Új lakások,2025. II.,86.7
Dél-Dunántúl,városok,Új lakások,2025. III.,88.4
Dél-Dunántúl,városok,Új lakások,2025. IV.,75.1
Dél-Dunántúl,községek,Új lakások,2021. I.,..
Dél-Dunántúl,községek,Új lakások,2021. II.,..
Dél-Dunántúl,községek,Új lakások,2021. III.,..
Dél-Dunántúl,községek,Új lakások,2021. IV.,..
Dél-Dunántúl,községek,Új lakások,2022. I.,..
Dél-Dunántúl,községek,Új lakások,2022. II.,..
Dél-Dunántúl,községek,Új lakások,2022. III.,..
Dél-Dunántúl,községek,Új lakások,2022. IV.,..
Dél-Dunántúl,községek,Új lakások,2023. I.,..
Dél-Dunántúl,községek,Új lakások,2023. II.,..
Dél-Dunántúl,községek,Új lakások,2023. III.,..
Dél-Dunántúl,községek,Új lakások,2023. IV.,..
Dél-Dunántúl,községek,Új lakások,2024. I.,..
Dél-Dunántúl,községek,Új lakások,2024. II.,..
Dél-Dunántúl,községek,Új lakások,2024. III.,..
Dél-Dunántúl,községek,Új lakások,2024. IV.,..
Dél-Dunántúl,községek,Új lakások,2025. I.,..
Dél-Dunántúl,községek,Új lakások,2025. II.,..
Dél-Dunántúl,községek,Új lakások,2025. III.,..
Dél-Dunántúl,községek,Új lakások,2025. IV.,..
Dél-Dunántúl,együtt,Új lakások,2021. I.,43.1
Dél-Dunántúl,együtt,Új lakások,2021. II.,42.6
Dél-Dunántúl,együtt,Új lakások,2021. III.,36
Dél-Dunántúl,együtt,Új lakások,2021. IV.,43.4
Dél-Dunántúl,együtt,Új lakások,2022. I.,49.5
Dél-Dunántúl,együtt,Új lakások,2022. II.,54.5
Dél-Dunántúl,együtt,Új lakások,2022. III.,56.5
Dél-Dunántúl,együtt,Új lakások,2022. IV.,47.8
Dél-Dunántúl,együtt,Új lakások,2023. I.,46.8
Dél-Dunántúl,együtt,Új lakások,2023. II.,63.7
Dél-Dunántúl,együtt,Új lakások,2023. III.,62.6
Dél-Dunántúl,együtt,Új lakások,2023. IV.,57.5
Dél-Dunántúl,együtt,Új lakások,2024. I.,63.5
Dél-Dunántúl,együtt,Új lakások,2024. II.,71.1
Dél-Dunántúl,együtt,Új lakások,2024. III.,68.7
Dél-Dunántúl,együtt,Új lakások,2024. IV.,77.8
Dél-Dunántúl,együtt,Új lakások,2025. I.,78.1
Dél-Dunántúl,együtt,Új lakások,2025. II.,79.2
Dél-Dunántúl,együtt,Új lakások,2025. III.,80.5
Dél-Dunántúl,együtt,Új lakások,2025. IV.,73.9
Észak-Magyarország,vármegyeszékhely,Új lakások,2021. I.,..
Észak-Magyarország,vármegyeszékhely,Új lakások,2021. II.,..
Észak-Magyarország,vármegyeszékhely,Új lakások,2021. III.,..
Észak-Magyarország,vármegyeszékhely,Új lakások,2021. IV.,..
Észak-Magyarország,vármegyeszékhely,Új lakások,2022. I.,..
Észak-Magyarország,vármegyeszékhely,Új lakások,2022. II.,..
Észak-Magyarország,vármegyeszékhely,Új lakások,2022. III.,35.9
Észak-Magyarország,vármegyeszékhely,Új lakások,2022. IV.,..
Észak-Magyarország,vármegyeszékhely,Új lakások,2023. I.,..
Észak-Magyarország,vármegyeszékhely,Új lakások,2023. II.,..
Észak-Magyarország,vármegyeszékhely,Új lakások,2023. III.,..
Észak-Magyarország,vármegyeszékhely,Új lakások,2023. IV.,..
Észak-Magyarország,vármegyeszékhely,Új lakások,2024. I.,..
Észak-Magyarország,vármegyeszékhely,Új lakások,2024. II.,..
Észak-Magyarország,vármegyeszékhely,Új lakások,2024. III.,..
Észak-Magyarország,vármegyeszékhely,Új lakások,2024. IV.,..
Észak-Magyarország,vármegyeszékhely,Új lakások,2025. I.,..
Észak-Magyarország,vármegyeszékhely,Új lakások,2025. II.,..
Észak-Magyarország,vármegyeszékhely,Új lakások,2025. III.,..
Észak-Magyarország,vármegyeszékhely,Új lakások,2025. IV.,..
Észak-Magyarország,városok,Új lakások,2021. I.,..
Észak-Magyarország,városok,Új lakások,2021. II.,31.8
Észak-Magyarország,városok,Új lakások,2021. III.,..
Észak-Magyarország,városok,Új lakások,2021. IV.,27.1
Észak-Magyarország,városok,Új lakások,2022. I.,..
Észak-Magyarország,városok,Új lakások,2022. II.,..
Észak-Magyarország,városok,Új lakások,2022. III.,..
Észak-Magyarország,városok,Új lakások,2022. IV.,..
Észak-Magyarország,városok,Új lakások,2023. I.,..
Észak-Magyarország,városok,Új lakások,2023. II.,..
Észak-Magyarország,városok,Új lakások,2023. III.,..
Észak-Magyarország,városok,Új lakások,2023. IV.,..
Észak-Magyarország,városok,Új lakások,2024. I.,..
Észak-Magyarország,városok,Új lakások,2024. II.,..
Észak-Magyarország,városok,Új lakások,2024. III.,..
Észak-Magyarország,városok,Új lakások,2024. IV.,..
Észak-Magyarország,városok,Új lakások,2025. I.,..
Észak-Magyarország,városok,Új lakások,2025. II.,..
Észak-Magyarország,városok,Új lakások,2025. III.,..
Észak-Magyarország,városok,Új lakások,2025. IV.,..
Észak-Magyarország,községek,Új lakások,2021. I.,..
Észak-Magyarország,községek,Új lakások,2021. II.,..
Észak-Magyarország,községek,Új lakások,2021. III.,..
Észak-Magyarország,községek,Új lakások,2021. IV.,..
Észak-Magyarország,községek,Új lakások,2022. I.,..
Észak-Magyarország,községek,Új lakások,2022. II.,..
Észak-Magyarország,községek,Új lakások,2022. III.,..
Észak-Magyarország,községek,Új lakások,2022. IV.,..
Észak-Magyarország,községek,Új lakások,2023. I.,..
Észak-Magyarország,községek,Új lakások,2023. II.,..
Észak-Magyarország,községek,Új lakások,2023. III.,..
Észak-Magyarország,községek,Új lakások,2023. IV.,..
Észak-Magyarország,községek,Új lakások,2024. I.,..
Észak-Magyarország,községek,Új lakások,2024. II.,..
Észak-Magyarország,községek,Új lakások,2024. III.,..
Észak-Magyarország,községek,Új lakások,2024. IV.,..
Észak-Magyarország,községek,Új lakások,2025. I.,..
Észak-Magyarország,községek,Új lakások,2025. II.,..
Észak-Magyarország,községek,Új lakások,2025. III.,..
Észak-Magyarország,községek,Új lakások,2025. IV.,..
Észak-Magyarország,együtt,Új lakások,2021. I.,33.5
Észak-Magyarország,együtt,Új lakások,2021. II.,32.1
Észak-Magyarország,együtt,Új lakások,2021. III.,29.9
Észak-Magyarország,együtt,Új lakások,2021. IV.,31.8
Észak-Magyarország,együtt,Új lakások,2022. I.,36.1
Észak-Magyarország,együtt,Új lakások,2022. II.,38.2
Észak-Magyarország,együtt,Új lakások,2022. III.,37.2
Észak-Magyarország,együtt,Új lakások,2022. IV.,..
Észak-Magyarország,együtt,Új lakások,2023. I.,..
Észak-Magyarország,együtt,Új lakások,2023. II.,..
Észak-Magyarország,együtt,Új lakások,2023. III.,..
Észak-Magyarország,együtt,Új lakások,2023. IV.,..
Észak-Magyarország,együtt,Új lakások,2024. I.,..
Észak-Magyarország,együtt,Új lakások,2024. II.,..
Észak-Magyarország,együtt,Új lakások,2024. III.,..
Észak-Magyarország,együtt,Új lakások,2024. IV.,44.1
Észak-Magyarország,együtt,Új lakások,2025. I.,..
Észak-Magyarország,együtt,Új lakások,2025. II.,..
Észak-Magyarország,együtt,Új lakások,2025. III.,..
Észak-Magyarország,együtt,Új lakások,2025. IV.,..
Észak-Alföld,vármegyeszékhely,Új lakások,2021. I.,33.4
Észak-Alföld,vármegyeszékhely,Új lakások,2021. II.,38.4
Észak-Alföld,vármegyeszékhely,Új lakások,2021. III.,41.7
Észak-Alföld,vármegyeszékhely,Új lakások,2021. IV.,41.6
Észak-Alföld,vármegyeszékhely,Új lakások,2022. I.,44.8
Észak-Alföld,vármegyeszékhely,Új lakások,2022. II.,43.7
Észak-Alföld,vármegyeszékhely,Új lakások,2022. III.,39.8
Észak-Alföld,vármegyeszékhely,Új lakások,2022. IV.,44.2
Észak-Alföld,vármegyeszékhely,Új lakások,2023. I.,45.8
Észak-Alföld,vármegyeszékhely,Új lakások,2023. II.,53.6
Észak-Alföld,vármegyeszékhely,Új lakások,2023. III.,44.5
Észak-Alföld,vármegyeszékhely,Új lakások,2023. IV.,48.4
Észak-Alföld,vármegyeszékhely,Új lakások,2024. I.,55.6
Észak-Alföld,vármegyeszékhely,Új lakások,2024. II.,53.3
Észak-Alföld,vármegyeszékhely,Új lakások,2024. III.,53.3
Észak-Alföld,vármegyeszékhely,Új lakások,2024. IV.,63.9
Észak-Alföld,vármegyeszékhely,Új lakások,2025. I.,63.9
Észak-Alföld,vármegyeszékhely,Új lakások,2025. II.,67.1
Észak-Alföld,vármegyeszékhely,Új lakások,2025. III.,58
Észak-Alföld,vármegyeszékhely,Új lakások,2025. IV.,64.5
Észak-Alföld,városok,Új lakások,2021. I.,..
Észak-Alföld,városok,Új lakások,2021. II.,..
Észak-Alföld,városok,Új lakások,2021. III.,..
Észak-Alföld,városok,Új lakások,2021. IV.,..
Észak-Alföld,városok,Új lakások,2022. I.,..
Észak-Alföld,városok,Új lakások,2022. II.,..
Észak-Alföld,városok,Új lakások,2022. III.,27.6
Észak-Alföld,városok,Új lakások,2022. IV.,..
Észak-Alföld,városok,Új lakások,2023. I.,..
Észak-Alföld,városok,Új lakások,2023. II.,..
Észak-Alföld,városok,Új lakások,2023. III.,..
Észak-Alföld,városok,Új lakások,2023. IV.,..
Észak-Alföld,városok,Új lakások,2024. I.,..
Észak-Alföld,városok,Új lakások,2024. II.,..
Észak-Alföld,városok,Új lakások,2024. III.,..
Észak-Alföld,városok,Új lakások,2024. IV.,..
Észak-Alföld,városok,Új lakások,2025. I.,..
Észak-Alföld,városok,Új lakások,2025. II.,..
Észak-Alföld,városok,Új lakások,2025. III.,..
Észak-Alföld,városok,Új lakások,2025. IV.,..
Észak-Alföld,községek,Új lakások,2021. I.,..
Észak-Alföld,községek,Új lakások,2021. II.,..
Észak-Alföld,községek,Új lakások,2021. III.,..
Észak-Alföld,községek,Új lakások,2021. IV.,..
Észak-Alföld,községek,Új lakások,2022. I.,..
Észak-Alföld,községek,Új lakások,2022. II.,..
Észak-Alföld,községek,Új lakások,2022. III.,..
Észak-Alföld,községek,Új lakások,2022. IV.,..
Észak-Alföld,községek,Új lakások,2023. I.,..
Észak-Alföld,községek,Új lakások,2023. II.,..
Észak-Alföld,községek,Új lakások,2023. III.,..
Észak-Alföld,községek,Új lakások,2023. IV.,..
Észak-Alföld,községek,Új lakások,2024. I.,..
Észak-Alföld,községek,Új lakások,2024. II.,..
Észak-Alföld,községek,Új lakások,2024. III.,..
Észak-Alföld,községek,Új lakások,2024. IV.,..
Észak-Alföld,községek,Új lakások,2025. I.,..
Észak-Alföld,községek,Új lakások,2025. II.,..
Észak-Alföld,községek,Új lakások,2025. III.,..
Észak-Alföld,községek,Új lakások,2025. IV.,..
Észak-Alföld,együtt,Új lakások,2021. I.,33.2
Észak-Alföld,együtt,Új lakások,2021. II.,37.8
Észak-Alföld,együtt,Új lakások,2021. III.,39.6
Észak-Alföld,együtt,Új lakások,2021. IV.,37.7
Észak-Alföld,együtt,Új lakások,2022. I.,43.9
Észak-Alföld,együtt,Új lakások,2022. II.,41.3
Észak-Alföld,együtt,Új lakások,2022. III.,36.2
Észak-Alföld,együtt,Új lakások,2022. IV.,40.7
Észak-Alföld,együtt,Új lakások,2023. I.,42.8
Észak-Alföld,együtt,Új lakások,2023. II.,47.9
Észak-Alföld,együtt,Új lakások,2023. III.,43.2
Észak-Alföld,együtt,Új lakások,2023. IV.,47.3
Észak-Alföld,együtt,Új lakások,2024. I.,52.7
Észak-Alföld,együtt,Új lakások,2024. II.,51.5
Észak-Alföld,együtt,Új lakások,2024. III.,52.5
Észak-Alföld,együtt,Új lakások,2024. IV.,60.5
Észak-Alföld,együtt,Új lakások,2025. I.,61.2
Észak-Alföld,együtt,Új lakások,2025. II.,63.6
Észak-Alföld,együtt,Új lakások,2025. III.,57.1
Észak-Alföld,együtt,Új lakások,2025. IV.,63.7
Dél-Alföld,vármegyeszékhely,Új lakások,2021. I.,33.9
Dél-Alföld,vármegyeszékhely,Új lakások,2021. II.,33.3
Dél-Alföld,vármegyeszékhely,Új lakások,2021. III.,36.4
Dél-Alföld,vármegyeszékhely,Új lakások,2021. IV.,33.1
Dél-Alföld,vármegyeszékhely,Új lakások,2022. I.,40.9
Dél-Alföld,vármegyeszékhely,Új lakások,2022. II.,46.1
Dél-Alföld,vármegyeszékhely,Új lakások,2022. III.,53.3
Dél-Alföld,vármegyeszékhely,Új lakások,2022. IV.,57
Dél-Alföld,vármegyeszékhely,Új lakások,2023. I.,..
Dél-Alföld,vármegyeszékhely,Új lakások,2023. II.,49.4
Dél-Alföld,vármegyeszékhely,Új lakások,2023. III.,42.9
Dél-Alföld,vármegyeszékhely,Új lakások,2023. IV.,..
Dél-Alföld,vármegyeszékhely,Új lakások,2024. I.,46.2
Dél-Alföld,vármegyeszékhely,Új lakások,2024. II.,45.1
Dél-Alföld,vármegyeszékhely,Új lakások,2024. III.,..
Dél-Alföld,vármegyeszékhely,Új lakások,2024. IV.,..
Dél-Alföld,vármegyeszékhely,Új lakások,2025. I.,..
Dél-Alföld,vármegyeszékhely,Új lakások,2025. II.,73.5
Dél-Alföld,vármegyeszékhely,Új lakások,2025. III.,..
Dél-Alföld,vármegyeszékhely,Új lakások,2025. IV.,..
Dél-Alföld,városok,Új lakások,2021. I.,..
Dél-Alföld,városok,Új lakások,2021. II.,..
Dél-Alföld,városok,Új lakások,2021. III.,..
Dél-Alföld,városok,Új lakások,2021. IV.,..
Dél-Alföld,városok,Új lakások,2022. I.,..
Dél-Alföld,városok,Új lakások,2022. II.,32.7
Dél-Alföld,városok,Új lakások,2022. III.,..
Dél-Alföld,városok,Új lakások,2022. IV.,..
Dél-Alföld,városok,Új lakások,2023. I.,..
Dél-Alföld,városok,Új lakások,2023. II.,..
Dél-Alföld,városok,Új lakások,2023. III.,..
Dél-Alföld,városok,Új lakások,2023. IV.,..
Dél-Alföld,városok,Új lakások,2024. I.,..
Dél-Alföld,városok,Új lakások,2024. II.,..
Dél-Alföld,városok,Új lakások,2024. III.,..
Dél-Alföld,városok,Új lakások,2024. IV.,..
Dél-Alföld,városok,Új lakások,2025. I.,..
Dél-Alföld,városok,Új lakások,2025. II.,..
Dél-Alföld,városok,Új lakások,2025. III.,..
Dél-Alföld,városok,Új lakások,2025. IV.,..
Dél-Alföld,községek,Új lakások,2021. I.,..
Dél-Alföld,községek,Új lakások,2021. II.,..
Dél-Alföld,községek,Új lakások,2021. III.,..
Dél-Alföld,községek,Új lakások,2021. IV.,..
Dél-Alföld,községek,Új lakások,2022. I.,..
Dél-Alföld,községek,Új lakások,2022. II.,..
Dél-Alföld,községek,Új lakások,2022. III.,..
Dél-Alföld,községek,Új lakások,2022. IV.,..
Dél-Alföld,községek,Új lakások,2023. I.,..
Dél-Alföld,községek,Új lakások,2023. II.,..
Dél-Alföld,községek,Új lakások,2023. III.,..
Dél-Alföld,községek,Új lakások,2023. IV.,..
Dél-Alföld,községek,Új lakások,2024. I.,..
Dél-Alföld,községek,Új lakások,2024. II.,..
Dél-Alföld,községek,Új lakások,2024. III.,..
Dél-Alföld,községek,Új lakások,2024. IV.,..
Dél-Alföld,községek,Új lakások,2025. I.,..
Dél-Alföld,községek,Új lakások,2025. II.,..
Dél-Alföld,községek,Új lakások,2025. III.,..
Dél-Alföld,községek,Új lakások,2025. IV.,..
Dél-Alföld,együtt,Új lakások,2021. I.,32.1
Dél-Alföld,együtt,Új lakások,2021. II.,32
Dél-Alföld,együtt,Új lakások,2021. III.,36.5
Dél-Alföld,együtt,Új lakások,2021. IV.,33.1
Dél-Alföld,együtt,Új lakások,2022. I.,40.2
Dél-Alföld,együtt,Új lakások,2022. II.,41.4
Dél-Alföld,együtt,Új lakások,2022. III.,45.4
Dél-Alföld,együtt,Új lakások,2022. IV.,50
Dél-Alföld,együtt,Új lakások,2023. I.,46.1
Dél-Alföld,együtt,Új lakások,2023. II.,48.4
Dél-Alföld,együtt,Új lakások,2023. III.,45
Dél-Alföld,együtt,Új lakások,2023. IV.,..
Dél-Alföld,együtt,Új lakások,2024. I.,46.7
Dél-Alföld,együtt,Új lakások,2024. II.,45.4
Dél-Alföld,együtt,Új lakások,2024. III.,51.1
Dél-Alföld,együtt,Új lakások,2024. IV.,..
Dél-Alföld,együtt,Új lakások,2025. I.,62.2
Dél-Alföld,együtt,Új lakások,2025. II.,68.3
Dél-Alföld,együtt,Új lakások,2025. III.,..
Dél-Alföld,együtt,Új lakások,2025. IV.,65.9
Ország,főváros,Új lakások,2021. I.,51.8
Ország,főváros,Új lakások,2021. II.,53.5
Ország,főváros,Új lakások,2021. III.,56.5
Ország,főváros,Új lakások,2021. IV.,57.7
Ország,főváros,Új lakások,2022. I.,64.8
Ország,főváros,Új lakások,2022. II.,60
Ország,főváros,Új lakások,2022. III.,60.5
Ország,főváros,Új lakások,2022. IV.,66.9
Ország,főváros,Új lakások,2023. I.,72.4
Ország,főváros,Új lakások,2023. II.,79.5
Ország,főváros,Új lakások,2023. III.,64.5
Ország,főváros,Új lakások,2023. IV.,70.4
Ország,főváros,Új lakások,2024. I.,83.9
Ország,főváros,Új lakások,2024. II.,80.5
Ország,főváros,Új lakások,2024. III.,73.3
Ország,főváros,Új lakások,2024. IV.,84.1
Ország,főváros,Új lakások,2025. I.,90.4
Ország,főváros,Új lakások,2025. II.,102.2
Ország,főváros,Új lakások,2025. III.,94.5
Ország,főváros,Új lakások,2025. IV.,91.9
Ország,vármegyeszékhely,Új lakások,2021. I.,33.4
Ország,vármegyeszékhely,Új lakások,2021. II.,33.4
Ország,vármegyeszékhely,Új lakások,2021. III.,35.4
Ország,vármegyeszékhely,Új lakások,2021. IV.,35.4
Ország,vármegyeszékhely,Új lakások,2022. I.,43.2
Ország,vármegyeszékhely,Új lakások,2022. II.,42.4
Ország,vármegyeszékhely,Új lakások,2022. III.,40.1
Ország,vármegyeszékhely,Új lakások,2022. IV.,47.1
Ország,vármegyeszékhely,Új lakások,2023. I.,47.7
Ország,vármegyeszékhely,Új lakások,2023. II.,51.6
Ország,vármegyeszékhely,Új lakások,2023. III.,45.2
Ország,vármegyeszékhely,Új lakások,2023. IV.,50.7
Ország,vármegyeszékhely,Új lakások,2024. I.,52.4
Ország,vármegyeszékhely,Új lakások,2024. II.,52.7
Ország,vármegyeszékhely,Új lakások,2024. III.,54.4
Ország,vármegyeszékhely,Új lakások,2024. IV.,60.7
Ország,vármegyeszékhely,Új lakások,2025. I.,65.9
Ország,vármegyeszékhely,Új lakások,2025. II.,67.3
Ország,vármegyeszékhely,Új lakások,2025. III.,58.9
Ország,vármegyeszékhely,Új lakások,2025. IV.,65.3
Ország,városok,Új lakások,2021. I.,42.6
Ország,városok,Új lakások,2021. II.,42.8
Ország,városok,Új lakások,2021. III.,40.3
Ország,városok,Új lakások,2021. IV.,42.9
Ország,városok,Új lakások,2022. I.,54.3
Ország,városok,Új lakások,2022. II.,48.5
Ország,városok,Új lakások,2022. III.,45.5
Ország,városok,Új lakások,2022. IV.,45.3
Ország,városok,Új lakások,2023. I.,52.2
Ország,városok,Új lakások,2023. II.,60.2
Ország,városok,Új lakások,2023. III.,58.4
Ország,városok,Új lakások,2023. IV.,54.3
Ország,városok,Új lakások,2024. I.,61.1
Ország,városok,Új lakások,2024. II.,64.3
Ország,városok,Új lakások,2024. III.,63.5
Ország,városok,Új lakások,2024. IV.,59.9
Ország,városok,Új lakások,2025. I.,68.8
Ország,városok,Új lakások,2025. II.,71.2
Ország,városok,Új lakások,2025. III.,74
Ország,városok,Új lakások,2025. IV.,71.1
Ország,községek,Új lakások,2021. I.,43.5
Ország,községek,Új lakások,2021. II.,45.3
Ország,községek,Új lakások,2021. III.,45.5
Ország,községek,Új lakások,2021. IV.,46.9
Ország,községek,Új lakások,2022. I.,57.9
Ország,községek,Új lakások,2022. II.,57.4
Ország,községek,Új lakások,2022. III.,56
Ország,községek,Új lakások,2022. IV.,58.4
Ország,községek,Új lakások,2023. I.,64.9
Ország,községek,Új lakások,2023. II.,63.5
Ország,községek,Új lakások,2023. III.,63.7
Ország,községek,Új lakások,2023. IV.,65.3
Ország,községek,Új lakások,2024. I.,70.5
Ország,községek,Új lakások,2024. II.,69.8
Ország,községek,Új lakások,2024. III.,76.1
Ország,községek,Új lakások,2024. IV.,71.1
Ország,községek,Új lakások,2025. I.,71.4
Ország,községek,Új lakások,2025. II.,79.7
Ország,községek,Új lakások,2025. III.,80.8
Ország,községek,Új lakások,2025. IV.,86.6
Ország,összesen,Új lakások,2021. I.,44.4
Ország,összesen,Új lakások,2021. II.,46.4
Ország,összesen,Új lakások,2021. III.,46.8
Ország,összesen,Új lakások,2021. IV.,47.5
Ország,összesen,Új lakások,2022. I.,57.8
Ország,összesen,Új lakások,2022. II.,53.9
Ország,összesen,Új lakások,2022. III.,53.1
Ország,összesen,Új lakások,2022. IV.,57.8
Ország,összesen,Új lakások,2023. I.,61.7
Ország,összesen,Új lakások,2023. II.,66.4
Ország,összesen,Új lakások,2023. III.,58.9
Ország,összesen,Új lakások,2023. IV.,63.5
Ország,összesen,Új lakások,2024. I.,70.6
Ország,összesen,Új lakások,2024. II.,69.8
Ország,összesen,Új lakások,2024. III.,69.1
Ország,összesen,Új lakások,2024. IV.,73.1
Ország,összesen,Új lakások,2025. I.,80.4
Ország,összesen,Új lakások,2025. II.,85
Ország,összesen,Új lakások,2025. III.,79.1
Ország,összesen,Új lakások,2025. IV.,81.9
