regio,epulettipus,lakastipus,idoszak,atlagár_mFt
Budapest,"családi ház, sorház",Használt lakások,2021. I.,69.6
Budapest,"családi ház, sorház",Használt lakások,2021. II.,69.6
Budapest,"családi ház, sorház",Használt lakások,2021. III.,70.6
Budapest,"családi ház, sorház",Használt lakások,2021. IV.,71.4
Budapest,"családi ház, sorház",Használt lakások,2022. I.,83.9
Budapest,"családi ház, sorház",Használt lakások,2022. II.,85.8
Budapest,"családi ház, sorház",Használt lakások,2022. III.,91
Budapest,"családi ház, sorház",Használt lakások,2022. IV.,77.1
Budapest,"családi ház, sorház",Használt lakások,2023. I.,80.9
Budapest,"családi ház, sorház",Használt lakások,2023. II.,81.3
Budapest,"családi ház, sorház",Használt lakások,2023. III.,84.1
Budapest,"családi ház, sorház",Használt lakások,2023. IV.,81.4
Budapest,"családi ház, sorház",Használt lakások,2024. I.,86.6
Budapest,"családi ház, sorház",Használt lakások,2024. II.,84
Budapest,"családi ház, sorház",Használt lakások,2024. III.,86.3
Budapest,"családi ház, sorház",Használt lakások,2024. IV.,88.1
Budapest,"családi ház, sorház",Használt lakások,2025. I.,91.5
Budapest,"családi ház, sorház",Használt lakások,2025. II.,96.9
Budapest,"családi ház, sorház",Használt lakások,2025. III.,104.8
Budapest,"családi ház, sorház",Használt lakások,2025. IV.,104.7
Budapest,többlakásos,Használt lakások,2021. I.,40
Budapest,többlakásos,Használt lakások,2021. II.,40.3
Budapest,többlakásos,Használt lakások,2021. III.,40.3
Budapest,többlakásos,Használt lakások,2021. IV.,42.2
Budapest,többlakásos,Használt lakások,2022. I.,46.4
Budapest,többlakásos,Használt lakások,2022. II.,50.3
Budapest,többlakásos,Használt lakások,2022. III.,50.7
Budapest,többlakásos,Használt lakások,2022. IV.,50.2
Budapest,többlakásos,Használt lakások,2023. I.,53.6
Budapest,többlakásos,Használt lakások,2023. II.,53.6
Budapest,többlakásos,Használt lakások,2023. III.,51.5
Budapest,többlakásos,Használt lakások,2023. IV.,53.2
Budapest,többlakásos,Használt lakások,2024. I.,55.5
Budapest,többlakásos,Használt lakások,2024. II.,59
Budapest,többlakásos,Használt lakások,2024. III.,57.2
Budapest,többlakásos,Használt lakások,2024. IV.,59.1
Budapest,többlakásos,Használt lakások,2025. I.,66.9
Budapest,többlakásos,Használt lakások,2025. II.,70
Budapest,többlakásos,Használt lakások,2025. III.,68.4
Budapest,többlakásos,Használt lakások,2025. IV.,67.6
Budapest,lakótelep,Használt lakások,2021. I.,27.8
Budapest,lakótelep,Használt lakások,2021. II.,28.6
Budapest,lakótelep,Használt lakások,2021. III.,29.5
Budapest,lakótelep,Használt lakások,2021. IV.,30.4
Budapest,lakótelep,Használt lakások,2022. I.,33.5
Budapest,lakótelep,Használt lakások,2022. II.,36.4
Budapest,lakótelep,Használt lakások,2022. III.,37.5
Budapest,lakótelep,Használt lakások,2022. IV.,37.1
Budapest,lakótelep,Használt lakások,2023. I.,37.6
Budapest,lakótelep,Használt lakások,2023. II.,38
Budapest,lakótelep,Használt lakások,2023. III.,37.4
Budapest,lakótelep,Használt lakások,2023. IV.,38.3
Budapest,lakótelep,Használt lakások,2024. I.,40.7
Budapest,lakótelep,Használt lakások,2024. II.,42.5
Budapest,lakótelep,Használt lakások,2024. III.,43.6
Budapest,lakótelep,Használt lakások,2024. IV.,46.3
Budapest,lakótelep,Használt lakások,2025. I.,52.7
Budapest,lakótelep,Használt lakások,2025. II.,56.6
Budapest,lakótelep,Használt lakások,2025. III.,57.6
Budapest,lakótelep,Használt lakások,2025. IV.,60.7
Budapest,együtt,Használt lakások,2021. I.,39.9
Budapest,együtt,Használt lakások,2021. II.,40.1
Budapest,együtt,Használt lakások,2021. III.,40.2
Budapest,együtt,Használt lakások,2021. IV.,41.6
Budapest,együtt,Használt lakások,2022. I.,46.3
Budapest,együtt,Használt lakások,2022. II.,50
Budapest,együtt,Használt lakások,2022. III.,50.4
Budapest,együtt,Használt lakások,2022. IV.,49.3
Budapest,együtt,Használt lakások,2023. I.,51.7
Budapest,együtt,Használt lakások,2023. II.,51.9
Budapest,együtt,Használt lakások,2023. III.,50.5
Budapest,együtt,Használt lakások,2023. IV.,51.6
Budapest,együtt,Használt lakások,2024. I.,53.8
Budapest,együtt,Használt lakások,2024. II.,57.1
Budapest,együtt,Használt lakások,2024. III.,56.2
Budapest,együtt,Használt lakások,2024. IV.,58
Budapest,együtt,Használt lakások,2025. I.,65.5
Budapest,együtt,Használt lakások,2025. II.,69
Budapest,együtt,Használt lakások,2025. III.,66.8
Budapest,együtt,Használt lakások,2025. IV.,67.7
Pest,"családi ház, sorház",Használt lakások,2021. I.,36.7
Pest,"családi ház, sorház",Használt lakások,2021. II.,36.8
Pest,"családi ház, sorház",Használt lakások,2021. III.,39.2
Pest,"családi ház, sorház",Használt lakások,2021. IV.,45.8
Pest,"családi ház, sorház",Használt lakások,2022. I.,43.8
Pest,"családi ház, sorház",Használt lakások,2022. II.,46.9
Pest,"családi ház, sorház",Használt lakások,2022. III.,43.1
Pest,"családi ház, sorház",Használt lakások,2022. IV.,42
Pest,"családi ház, sorház",Használt lakások,2023. I.,42
Pest,"családi ház, sorház",Használt lakások,2023. II.,43.7
Pest,"családi ház, sorház",Használt lakások,2023. III.,41.7
Pest,"családi ház, sorház",Használt lakások,2023. IV.,44.2
Pest,"családi ház, sorház",Használt lakások,2024. I.,51.7
Pest,"családi ház, sorház",Használt lakások,2024. II.,51.4
Pest,"családi ház, sorház",Használt lakások,2024. III.,49
Pest,"családi ház, sorház",Használt lakások,2024. IV.,51
Pest,"családi ház, sorház",Használt lakások,2025. I.,54.2
Pest,"családi ház, sorház",Használt lakások,2025. II.,52.9
Pest,"családi ház, sorház",Használt lakások,2025. III.,57.9
Pest,"családi ház, sorház",Használt lakások,2025. IV.,61.5
Pest,többlakásos,Használt lakások,2021. I.,37.8
Pest,többlakásos,Használt lakások,2021. II.,37.7
Pest,többlakásos,Használt lakások,2021. III.,40.4
Pest,többlakásos,Használt lakások,2021. IV.,48
Pest,többlakásos,Használt lakások,2022. I.,46.2
Pest,többlakásos,Használt lakások,2022. II.,48.1
Pest,többlakásos,Használt lakások,2022. III.,50.1
Pest,többlakásos,Használt lakások,2022. IV.,48.3
Pest,többlakásos,Használt lakások,2023. I.,47.6
Pest,többlakásos,Használt lakások,2023. II.,49.5
Pest,többlakásos,Használt lakások,2023. III.,48.3
Pest,többlakásos,Használt lakások,2023. IV.,49.7
Pest,többlakásos,Használt lakások,2024. I.,52.8
Pest,többlakásos,Használt lakások,2024. II.,54.8
Pest,többlakásos,Használt lakások,2024. III.,52.7
Pest,többlakásos,Használt lakások,2024. IV.,54.5
Pest,többlakásos,Használt lakások,2025. I.,58.8
Pest,többlakásos,Használt lakások,2025. II.,60.1
Pest,többlakásos,Használt lakások,2025. III.,65.3
Pest,többlakásos,Használt lakások,2025. IV.,68
Pest,lakótelep,Használt lakások,2021. I.,27.6
Pest,lakótelep,Használt lakások,2021. II.,29.4
Pest,lakótelep,Használt lakások,2021. III.,29.2
Pest,lakótelep,Használt lakások,2021. IV.,36.2
Pest,lakótelep,Használt lakások,2022. I.,35.1
Pest,lakótelep,Használt lakások,2022. II.,39.7
Pest,lakótelep,Használt lakások,2022. III.,44.5
Pest,lakótelep,Használt lakások,2022. IV.,42.4
Pest,lakótelep,Használt lakások,2023. I.,35.6
Pest,lakótelep,Használt lakások,2023. II.,34.4
Pest,lakótelep,Használt lakások,2023. III.,32.4
Pest,lakótelep,Használt lakások,2023. IV.,32
Pest,lakótelep,Használt lakások,2024. I.,35.5
Pest,lakótelep,Használt lakások,2024. II.,35.5
Pest,lakótelep,Használt lakások,2024. III.,37.3
Pest,lakótelep,Használt lakások,2024. IV.,38.9
Pest,lakótelep,Használt lakások,2025. I.,43.1
Pest,lakótelep,Használt lakások,2025. II.,46.5
Pest,lakótelep,Használt lakások,2025. III.,48.2
Pest,lakótelep,Használt lakások,2025. IV.,52.9
Pest,együtt,Használt lakások,2021. I.,36.5
Pest,együtt,Használt lakások,2021. II.,36.6
Pest,együtt,Használt lakások,2021. III.,38.8
Pest,együtt,Használt lakások,2021. IV.,45.7
Pest,együtt,Használt lakások,2022. I.,43.9
Pest,együtt,Használt lakások,2022. II.,46.7
Pest,együtt,Használt lakások,2022. III.,44.9
Pest,együtt,Használt lakások,2022. IV.,43.5
Pest,együtt,Használt lakások,2023. I.,43
Pest,együtt,Használt lakások,2023. II.,44.6
Pest,együtt,Használt lakások,2023. III.,42.7
Pest,együtt,Használt lakások,2023. IV.,44.9
Pest,együtt,Használt lakások,2024. I.,50.9
Pest,együtt,Használt lakások,2024. II.,51.5
Pest,együtt,Használt lakások,2024. III.,49.4
Pest,együtt,Használt lakások,2024. IV.,51.4
Pest,együtt,Használt lakások,2025. I.,55
Pest,együtt,Használt lakások,2025. II.,54.3
Pest,együtt,Használt lakások,2025. III.,58.6
Pest,együtt,Használt lakások,2025. IV.,62
Közép-Dunántúl,"családi ház, sorház",Használt lakások,2021. I.,23.1
Közép-Dunántúl,"családi ház, sorház",Használt lakások,2021. II.,24.4
Közép-Dunántúl,"családi ház, sorház",Használt lakások,2021. III.,23.3
Közép-Dunántúl,"családi ház, sorház",Használt lakások,2021. IV.,24.8
Közép-Dunántúl,"családi ház, sorház",Használt lakások,2022. I.,29.3
Közép-Dunántúl,"családi ház, sorház",Használt lakások,2022. II.,28.9
Közép-Dunántúl,"családi ház, sorház",Használt lakások,2022. III.,27.2
Közép-Dunántúl,"családi ház, sorház",Használt lakások,2022. IV.,26
Közép-Dunántúl,"családi ház, sorház",Használt lakások,2023. I.,28.6
Közép-Dunántúl,"családi ház, sorház",Használt lakások,2023. II.,28.5
Közép-Dunántúl,"családi ház, sorház",Használt lakások,2023. III.,30.2
Közép-Dunántúl,"családi ház, sorház",Használt lakások,2023. IV.,31.5
Közép-Dunántúl,"családi ház, sorház",Használt lakások,2024. I.,34.4
Közép-Dunántúl,"családi ház, sorház",Használt lakások,2024. II.,35.7
Közép-Dunántúl,"családi ház, sorház",Használt lakások,2024. III.,36.5
Közép-Dunántúl,"családi ház, sorház",Használt lakások,2024. IV.,36.9
Közép-Dunántúl,"családi ház, sorház",Használt lakások,2025. I.,40.3
Közép-Dunántúl,"családi ház, sorház",Használt lakások,2025. II.,40.7
Közép-Dunántúl,"családi ház, sorház",Használt lakások,2025. III.,40.5
Közép-Dunántúl,"családi ház, sorház",Használt lakások,2025. IV.,42.9
Közép-Dunántúl,többlakásos,Használt lakások,2021. I.,21.5
Közép-Dunántúl,többlakásos,Használt lakások,2021. II.,21.9
Közép-Dunántúl,többlakásos,Használt lakások,2021. III.,22.3
Közép-Dunántúl,többlakásos,Használt lakások,2021. IV.,22.6
Közép-Dunántúl,többlakásos,Használt lakások,2022. I.,26.9
Közép-Dunántúl,többlakásos,Használt lakások,2022. II.,29
Közép-Dunántúl,többlakásos,Használt lakások,2022. III.,28.1
Közép-Dunántúl,többlakásos,Használt lakások,2022. IV.,26.7
Közép-Dunántúl,többlakásos,Használt lakások,2023. I.,27.4
Közép-Dunántúl,többlakásos,Használt lakások,2023. II.,28.7
Közép-Dunántúl,többlakásos,Használt lakások,2023. III.,29.8
Közép-Dunántúl,többlakásos,Használt lakások,2023. IV.,30.2
Közép-Dunántúl,többlakásos,Használt lakások,2024. I.,32.1
Közép-Dunántúl,többlakásos,Használt lakások,2024. II.,32.1
Közép-Dunántúl,többlakásos,Használt lakások,2024. III.,31.9
Közép-Dunántúl,többlakásos,Használt lakások,2024. IV.,34
Közép-Dunántúl,többlakásos,Használt lakások,2025. I.,36.2
Közép-Dunántúl,többlakásos,Használt lakások,2025. II.,38.7
Közép-Dunántúl,többlakásos,Használt lakások,2025. III.,40.1
Közép-Dunántúl,többlakásos,Használt lakások,2025. IV.,45.6
Közép-Dunántúl,lakótelep,Használt lakások,2021. I.,17.7
Közép-Dunántúl,lakótelep,Használt lakások,2021. II.,18.7
Közép-Dunántúl,lakótelep,Használt lakások,2021. III.,19
Közép-Dunántúl,lakótelep,Használt lakások,2021. IV.,20.8
Közép-Dunántúl,lakótelep,Használt lakások,2022. I.,22.2
Közép-Dunántúl,lakótelep,Használt lakások,2022. II.,24.7
Közép-Dunántúl,lakótelep,Használt lakások,2022. III.,24.6
Közép-Dunántúl,lakótelep,Használt lakások,2022. IV.,24.3
Közép-Dunántúl,lakótelep,Használt lakások,2023. I.,25
Közép-Dunántúl,lakótelep,Használt lakások,2023. II.,25.5
Közép-Dunántúl,lakótelep,Használt lakások,2023. III.,25.9
Közép-Dunántúl,lakótelep,Használt lakások,2023. IV.,25.6
Közép-Dunántúl,lakótelep,Használt lakások,2024. I.,26.8
Közép-Dunántúl,lakótelep,Használt lakások,2024. II.,28.1
Közép-Dunántúl,lakótelep,Használt lakások,2024. III.,28.1
Közép-Dunántúl,lakótelep,Használt lakások,2024. IV.,29.5
Közép-Dunántúl,lakótelep,Használt lakások,2025. I.,30.5
Közép-Dunántúl,lakótelep,Használt lakások,2025. II.,32.9
Közép-Dunántúl,lakótelep,Használt lakások,2025. III.,35.2
Közép-Dunántúl,lakótelep,Használt lakások,2025. IV.,37.3
Közép-Dunántúl,együtt,Használt lakások,2021. I.,21.7
Közép-Dunántúl,együtt,Használt lakások,2021. II.,22.7
Közép-Dunántúl,együtt,Használt lakások,2021. III.,22.3
Közép-Dunántúl,együtt,Használt lakások,2021. IV.,23.4
Közép-Dunántúl,együtt,Használt lakások,2022. I.,27.2
Közép-Dunántúl,együtt,Használt lakások,2022. II.,28.3
Közép-Dunántúl,együtt,Használt lakások,2022. III.,27
Közép-Dunántúl,együtt,Használt lakások,2022. IV.,26
Közép-Dunántúl,együtt,Használt lakások,2023. I.,27.5
Közép-Dunántúl,együtt,Használt lakások,2023. II.,28
Közép-Dunántúl,együtt,Használt lakások,2023. III.,29.4
Közép-Dunántúl,együtt,Használt lakások,2023. IV.,29.8
Közép-Dunántúl,együtt,Használt lakások,2024. I.,31.9
Közép-Dunántúl,együtt,Használt lakások,2024. II.,33.2
Közép-Dunántúl,együtt,Használt lakások,2024. III.,33.4
Közép-Dunántúl,együtt,Használt lakások,2024. IV.,34.3
Közép-Dunántúl,együtt,Használt lakások,2025. I.,36.8
Közép-Dunántúl,együtt,Használt lakások,2025. II.,38.6
Közép-Dunántúl,együtt,Használt lakások,2025. III.,39.1
Közép-Dunántúl,együtt,Használt lakások,2025. IV.,42.2
Nyugat-Dunántúl,"családi ház, sorház",Használt lakások,2021. I.,20.2
Nyugat-Dunántúl,"családi ház, sorház",Használt lakások,2021. II.,20.7
Nyugat-Dunántúl,"családi ház, sorház",Használt lakások,2021. III.,20.5
Nyugat-Dunántúl,"családi ház, sorház",Használt lakások,2021. IV.,21.8
Nyugat-Dunántúl,"családi ház, sorház",Használt lakások,2022. I.,25.1
Nyugat-Dunántúl,"családi ház, sorház",Használt lakások,2022. II.,25.2
Nyugat-Dunántúl,"családi ház, sorház",Használt lakások,2022. III.,24.3
Nyugat-Dunántúl,"családi ház, sorház",Használt lakások,2022. IV.,23.4
Nyugat-Dunántúl,"családi ház, sorház",Használt lakások,2023. I.,25.2
Nyugat-Dunántúl,"családi ház, sorház",Használt lakások,2023. II.,25.7
Nyugat-Dunántúl,"családi ház, sorház",Használt lakások,2023. III.,27.3
Nyugat-Dunántúl,"családi ház, sorház",Használt lakások,2023. IV.,27.7
Nyugat-Dunántúl,"családi ház, sorház",Használt lakások,2024. I.,32.8
Nyugat-Dunántúl,"családi ház, sorház",Használt lakások,2024. II.,30.7
Nyugat-Dunántúl,"családi ház, sorház",Használt lakások,2024. III.,32
Nyugat-Dunántúl,"családi ház, sorház",Használt lakások,2024. IV.,33.5
Nyugat-Dunántúl,"családi ház, sorház",Használt lakások,2025. I.,35.7
Nyugat-Dunántúl,"családi ház, sorház",Használt lakások,2025. II.,34.5
Nyugat-Dunántúl,"családi ház, sorház",Használt lakások,2025. III.,38
Nyugat-Dunántúl,"családi ház, sorház",Használt lakások,2025. IV.,38
Nyugat-Dunántúl,többlakásos,Használt lakások,2021. I.,22.4
Nyugat-Dunántúl,többlakásos,Használt lakások,2021. II.,23
Nyugat-Dunántúl,többlakásos,Használt lakások,2021. III.,24
Nyugat-Dunántúl,többlakásos,Használt lakások,2021. IV.,24
Nyugat-Dunántúl,többlakásos,Használt lakások,2022. I.,27.8
Nyugat-Dunántúl,többlakásos,Használt lakások,2022. II.,29.1
Nyugat-Dunántúl,többlakásos,Használt lakások,2022. III.,30.5
Nyugat-Dunántúl,többlakásos,Használt lakások,2022. IV.,29.7
Nyugat-Dunántúl,többlakásos,Használt lakások,2023. I.,32.1
Nyugat-Dunántúl,többlakásos,Használt lakások,2023. II.,32.6
Nyugat-Dunántúl,többlakásos,Használt lakások,2023. III.,32.7
Nyugat-Dunántúl,többlakásos,Használt lakások,2023. IV.,31.9
Nyugat-Dunántúl,többlakásos,Használt lakások,2024. I.,36.1
Nyugat-Dunántúl,többlakásos,Használt lakások,2024. II.,36.3
Nyugat-Dunántúl,többlakásos,Használt lakások,2024. III.,38
Nyugat-Dunántúl,többlakásos,Használt lakások,2024. IV.,37.3
Nyugat-Dunántúl,többlakásos,Használt lakások,2025. I.,39.6
Nyugat-Dunántúl,többlakásos,Használt lakások,2025. II.,41.4
Nyugat-Dunántúl,többlakásos,Használt lakások,2025. III.,43.6
Nyugat-Dunántúl,többlakásos,Használt lakások,2025. IV.,45.6
Nyugat-Dunántúl,lakótelep,Használt lakások,2021. I.,19.3
Nyugat-Dunántúl,lakótelep,Használt lakások,2021. II.,19.5
Nyugat-Dunántúl,lakótelep,Használt lakások,2021. III.,20.9
Nyugat-Dunántúl,lakótelep,Használt lakások,2021. IV.,21.4
Nyugat-Dunántúl,lakótelep,Használt lakások,2022. I.,23.9
Nyugat-Dunántúl,lakótelep,Használt lakások,2022. II.,26.2
Nyugat-Dunántúl,lakótelep,Használt lakások,2022. III.,27.2
Nyugat-Dunántúl,lakótelep,Használt lakások,2022. IV.,27.4
Nyugat-Dunántúl,lakótelep,Használt lakások,2023. I.,27.9
Nyugat-Dunántúl,lakótelep,Használt lakások,2023. II.,27.4
Nyugat-Dunántúl,lakótelep,Használt lakások,2023. III.,27.7
Nyugat-Dunántúl,lakótelep,Használt lakások,2023. IV.,27.2
Nyugat-Dunántúl,lakótelep,Használt lakások,2024. I.,29.3
Nyugat-Dunántúl,lakótelep,Használt lakások,2024. II.,30.6
Nyugat-Dunántúl,lakótelep,Használt lakások,2024. III.,31.2
Nyugat-Dunántúl,lakótelep,Használt lakások,2024. IV.,31.8
Nyugat-Dunántúl,lakótelep,Használt lakások,2025. I.,33.8
Nyugat-Dunántúl,lakótelep,Használt lakások,2025. II.,35.3
Nyugat-Dunántúl,lakótelep,Használt lakások,2025. III.,38.1
Nyugat-Dunántúl,lakótelep,Használt lakások,2025. IV.,38.7
Nyugat-Dunántúl,együtt,Használt lakások,2021. I.,20.9
Nyugat-Dunántúl,együtt,Használt lakások,2021. II.,21.3
Nyugat-Dunántúl,együtt,Használt lakások,2021. III.,21.7
Nyugat-Dunántúl,együtt,Használt lakások,2021. IV.,22.6
Nyugat-Dunántúl,együtt,Használt lakások,2022. I.,26
Nyugat-Dunántúl,együtt,Használt lakások,2022. II.,26.6
Nyugat-Dunántúl,együtt,Használt lakások,2022. III.,26.5
Nyugat-Dunántúl,együtt,Használt lakások,2022. IV.,25.8
Nyugat-Dunántúl,együtt,Használt lakások,2023. I.,27.7
Nyugat-Dunántúl,együtt,Használt lakások,2023. II.,28
Nyugat-Dunántúl,együtt,Használt lakások,2023. III.,29
Nyugat-Dunántúl,együtt,Használt lakások,2023. IV.,29
Nyugat-Dunántúl,együtt,Használt lakások,2024. I.,33.6
Nyugat-Dunántúl,együtt,Használt lakások,2024. II.,32.7
Nyugat-Dunántúl,együtt,Használt lakások,2024. III.,34.1
Nyugat-Dunántúl,együtt,Használt lakások,2024. IV.,34.8
Nyugat-Dunántúl,együtt,Használt lakások,2025. I.,37.1
Nyugat-Dunántúl,együtt,Használt lakások,2025. II.,37.2
Nyugat-Dunántúl,együtt,Használt lakások,2025. III.,40.2
Nyugat-Dunántúl,együtt,Használt lakások,2025. IV.,40.9
Dél-Dunántúl,"családi ház, sorház",Használt lakások,2021. I.,14.6
Dél-Dunántúl,"családi ház, sorház",Használt lakások,2021. II.,14.7
Dél-Dunántúl,"családi ház, sorház",Használt lakások,2021. III.,13.7
Dél-Dunántúl,"családi ház, sorház",Használt lakások,2021. IV.,15.7
Dél-Dunántúl,"családi ház, sorház",Használt lakások,2022. I.,16.8
Dél-Dunántúl,"családi ház, sorház",Használt lakások,2022. II.,16.7
Dél-Dunántúl,"családi ház, sorház",Használt lakások,2022. III.,15.2
Dél-Dunántúl,"családi ház, sorház",Használt lakások,2022. IV.,14.5
Dél-Dunántúl,"családi ház, sorház",Használt lakások,2023. I.,15.6
Dél-Dunántúl,"családi ház, sorház",Használt lakások,2023. II.,16.7
Dél-Dunántúl,"családi ház, sorház",Használt lakások,2023. III.,15.7
Dél-Dunántúl,"családi ház, sorház",Használt lakások,2023. IV.,17.3
Dél-Dunántúl,"családi ház, sorház",Használt lakások,2024. I.,20.4
Dél-Dunántúl,"családi ház, sorház",Használt lakások,2024. II.,21.2
Dél-Dunántúl,"családi ház, sorház",Használt lakások,2024. III.,21
Dél-Dunántúl,"családi ház, sorház",Használt lakások,2024. IV.,22.5
Dél-Dunántúl,"családi ház, sorház",Használt lakások,2025. I.,26.1
Dél-Dunántúl,"családi ház, sorház",Használt lakások,2025. II.,24.5
Dél-Dunántúl,"családi ház, sorház",Használt lakások,2025. III.,25.6
Dél-Dunántúl,"családi ház, sorház",Használt lakások,2025. IV.,29.7
Dél-Dunántúl,többlakásos,Használt lakások,2021. I.,19.2
Dél-Dunántúl,többlakásos,Használt lakások,2021. II.,19.4
Dél-Dunántúl,többlakásos,Használt lakások,2021. III.,18.5
Dél-Dunántúl,többlakásos,Használt lakások,2021. IV.,19.8
Dél-Dunántúl,többlakásos,Használt lakások,2022. I.,24
Dél-Dunántúl,többlakásos,Használt lakások,2022. II.,25.5
Dél-Dunántúl,többlakásos,Használt lakások,2022. III.,24.9
Dél-Dunántúl,többlakásos,Használt lakások,2022. IV.,25.3
Dél-Dunántúl,többlakásos,Használt lakások,2023. I.,25.2
Dél-Dunántúl,többlakásos,Használt lakások,2023. II.,26.3
Dél-Dunántúl,többlakásos,Használt lakások,2023. III.,26.1
Dél-Dunántúl,többlakásos,Használt lakások,2023. IV.,28.4
Dél-Dunántúl,többlakásos,Használt lakások,2024. I.,29.9
Dél-Dunántúl,többlakásos,Használt lakások,2024. II.,30.9
Dél-Dunántúl,többlakásos,Használt lakások,2024. III.,30.5
Dél-Dunántúl,többlakásos,Használt lakások,2024. IV.,31.3
Dél-Dunántúl,többlakásos,Használt lakások,2025. I.,35
Dél-Dunántúl,többlakásos,Használt lakások,2025. II.,39.1
Dél-Dunántúl,többlakásos,Használt lakások,2025. III.,38.5
Dél-Dunántúl,többlakásos,Használt lakások,2025. IV.,43
Dél-Dunántúl,lakótelep,Használt lakások,2021. I.,15.5
Dél-Dunántúl,lakótelep,Használt lakások,2021. II.,16.5
Dél-Dunántúl,lakótelep,Használt lakások,2021. III.,17.1
Dél-Dunántúl,lakótelep,Használt lakások,2021. IV.,17.5
Dél-Dunántúl,lakótelep,Használt lakások,2022. I.,20.1
Dél-Dunántúl,lakótelep,Használt lakások,2022. II.,21.5
Dél-Dunántúl,lakótelep,Használt lakások,2022. III.,22.1
Dél-Dunántúl,lakótelep,Használt lakások,2022. IV.,22.2
Dél-Dunántúl,lakótelep,Használt lakások,2023. I.,23.2
Dél-Dunántúl,lakótelep,Használt lakások,2023. II.,22.7
Dél-Dunántúl,lakótelep,Használt lakások,2023. III.,24.4
Dél-Dunántúl,lakótelep,Használt lakások,2023. IV.,23.8
Dél-Dunántúl,lakótelep,Használt lakások,2024. I.,24.7
Dél-Dunántúl,lakótelep,Használt lakások,2024. II.,25.3
Dél-Dunántúl,lakótelep,Használt lakások,2024. III.,26.5
Dél-Dunántúl,lakótelep,Használt lakások,2024. IV.,28
Dél-Dunántúl,lakótelep,Használt lakások,2025. I.,29.8
Dél-Dunántúl,lakótelep,Használt lakások,2025. II.,31.4
Dél-Dunántúl,lakótelep,Használt lakások,2025. III.,34.5
Dél-Dunántúl,lakótelep,Használt lakások,2025. IV.,35.3
Dél-Dunántúl,együtt,Használt lakások,2021. I.,15.9
Dél-Dunántúl,együtt,Használt lakások,2021. II.,16
Dél-Dunántúl,együtt,Használt lakások,2021. III.,15.3
Dél-Dunántúl,együtt,Használt lakások,2021. IV.,16.8
Dél-Dunántúl,együtt,Használt lakások,2022. I.,19.1
Dél-Dunántúl,együtt,Használt lakások,2022. II.,19.1
Dél-Dunántúl,együtt,Használt lakások,2022. III.,17.9
Dél-Dunántúl,együtt,Használt lakások,2022. IV.,17.7
Dél-Dunántúl,együtt,Használt lakások,2023. I.,19
Dél-Dunántúl,együtt,Használt lakások,2023. II.,19.5
Dél-Dunántúl,együtt,Használt lakások,2023. III.,19.2
Dél-Dunántúl,együtt,Használt lakások,2023. IV.,20.9
Dél-Dunántúl,együtt,Használt lakások,2024. I.,23.7
Dél-Dunántúl,együtt,Használt lakások,2024. II.,24.2
Dél-Dunántúl,együtt,Használt lakások,2024. III.,24.3
Dél-Dunántúl,együtt,Használt lakások,2024. IV.,25.9
Dél-Dunántúl,együtt,Használt lakások,2025. I.,29.4
Dél-Dunántúl,együtt,Használt lakások,2025. II.,29
Dél-Dunántúl,együtt,Használt lakások,2025. III.,30.8
Dél-Dunántúl,együtt,Használt lakások,2025. IV.,34
Észak-Magyarország,"családi ház, sorház",Használt lakások,2021. I.,10.6
Észak-Magyarország,"családi ház, sorház",Használt lakások,2021. II.,10.3
Észak-Magyarország,"családi ház, sorház",Használt lakások,2021. III.,10.2
Észak-Magyarország,"családi ház, sorház",Használt lakások,2021. IV.,11
Észak-Magyarország,"családi ház, sorház",Használt lakások,2022. I.,12.5
Észak-Magyarország,"családi ház, sorház",Használt lakások,2022. II.,12.3
Észak-Magyarország,"családi ház, sorház",Használt lakások,2022. III.,11.6
Észak-Magyarország,"családi ház, sorház",Használt lakások,2022. IV.,11.4
Észak-Magyarország,"családi ház, sorház",Használt lakások,2023. I.,12.1
Észak-Magyarország,"családi ház, sorház",Használt lakások,2023. II.,12.9
Észak-Magyarország,"családi ház, sorház",Használt lakások,2023. III.,13
Észak-Magyarország,"családi ház, sorház",Használt lakások,2023. IV.,13.6
Észak-Magyarország,"családi ház, sorház",Használt lakások,2024. I.,16
Észak-Magyarország,"családi ház, sorház",Használt lakások,2024. II.,16.1
Észak-Magyarország,"családi ház, sorház",Használt lakások,2024. III.,15.1
Észak-Magyarország,"családi ház, sorház",Használt lakások,2024. IV.,15.7
Észak-Magyarország,"családi ház, sorház",Használt lakások,2025. I.,18.1
Észak-Magyarország,"családi ház, sorház",Használt lakások,2025. II.,18.2
Észak-Magyarország,"családi ház, sorház",Használt lakások,2025. III.,18.8
Észak-Magyarország,"családi ház, sorház",Használt lakások,2025. IV.,21.5
Észak-Magyarország,többlakásos,Használt lakások,2021. I.,14.3
Észak-Magyarország,többlakásos,Használt lakások,2021. II.,15.2
Észak-Magyarország,többlakásos,Használt lakások,2021. III.,14.6
Észak-Magyarország,többlakásos,Használt lakások,2021. IV.,15.7
Észak-Magyarország,többlakásos,Használt lakások,2022. I.,17.5
Észak-Magyarország,többlakásos,Használt lakások,2022. II.,18.3
Észak-Magyarország,többlakásos,Használt lakások,2022. III.,18.5
Észak-Magyarország,többlakásos,Használt lakások,2022. IV.,17.9
Észak-Magyarország,többlakásos,Használt lakások,2023. I.,18.9
Észak-Magyarország,többlakásos,Használt lakások,2023. II.,19.7
Észak-Magyarország,többlakásos,Használt lakások,2023. III.,20.4
Észak-Magyarország,többlakásos,Használt lakások,2023. IV.,21.1
Észak-Magyarország,többlakásos,Használt lakások,2024. I.,24
Észak-Magyarország,többlakásos,Használt lakások,2024. II.,23.6
Észak-Magyarország,többlakásos,Használt lakások,2024. III.,22
Észak-Magyarország,többlakásos,Használt lakások,2024. IV.,21.7
Észak-Magyarország,többlakásos,Használt lakások,2025. I.,25.2
Észak-Magyarország,többlakásos,Használt lakások,2025. II.,24.6
Észak-Magyarország,többlakásos,Használt lakások,2025. III.,27.4
Észak-Magyarország,többlakásos,Használt lakások,2025. IV.,26.8
Észak-Magyarország,lakótelep,Használt lakások,2021. I.,11.7
Észak-Magyarország,lakótelep,Használt lakások,2021. II.,13
Észak-Magyarország,lakótelep,Használt lakások,2021. III.,13.3
Észak-Magyarország,lakótelep,Használt lakások,2021. IV.,13.6
Észak-Magyarország,lakótelep,Használt lakások,2022. I.,15.4
Észak-Magyarország,lakótelep,Használt lakások,2022. II.,16
Észak-Magyarország,lakótelep,Használt lakások,2022. III.,16
Észak-Magyarország,lakótelep,Használt lakások,2022. IV.,15.5
Észak-Magyarország,lakótelep,Használt lakások,2023. I.,16.3
Észak-Magyarország,lakótelep,Használt lakások,2023. II.,16.2
Észak-Magyarország,lakótelep,Használt lakások,2023. III.,15.7
Észak-Magyarország,lakótelep,Használt lakások,2023. IV.,15.9
Észak-Magyarország,lakótelep,Használt lakások,2024. I.,17.7
Észak-Magyarország,lakótelep,Használt lakások,2024. II.,18.1
Észak-Magyarország,lakótelep,Használt lakások,2024. III.,17.8
Észak-Magyarország,lakótelep,Használt lakások,2024. IV.,18.8
Észak-Magyarország,lakótelep,Használt lakások,2025. I.,20.9
Észak-Magyarország,lakótelep,Használt lakások,2025. II.,21.2
Észak-Magyarország,lakótelep,Használt lakások,2025. III.,23.5
Észak-Magyarország,lakótelep,Használt lakások,2025. IV.,24.1
Észak-Magyarország,együtt,Használt lakások,2021. I.,11.6
Észak-Magyarország,együtt,Használt lakások,2021. II.,11.6
Észak-Magyarország,együtt,Használt lakások,2021. III.,11.5
Észak-Magyarország,együtt,Használt lakások,2021. IV.,12.4
Észak-Magyarország,együtt,Használt lakások,2022. I.,14.2
Észak-Magyarország,együtt,Használt lakások,2022. II.,14
Észak-Magyarország,együtt,Használt lakások,2022. III.,13.6
Észak-Magyarország,együtt,Használt lakások,2022. IV.,13.1
Észak-Magyarország,együtt,Használt lakások,2023. I.,14.2
Észak-Magyarország,együtt,Használt lakások,2023. II.,14.7
Észak-Magyarország,együtt,Használt lakások,2023. III.,14.7
Észak-Magyarország,együtt,Használt lakások,2023. IV.,15.5
Észak-Magyarország,együtt,Használt lakások,2024. I.,18
Észak-Magyarország,együtt,Használt lakások,2024. II.,18
Észak-Magyarország,együtt,Használt lakások,2024. III.,16.9
Észak-Magyarország,együtt,Használt lakások,2024. IV.,17.8
Észak-Magyarország,együtt,Használt lakások,2025. I.,20.4
Észak-Magyarország,együtt,Használt lakások,2025. II.,20
Észak-Magyarország,együtt,Használt lakások,2025. III.,21.5
Észak-Magyarország,együtt,Használt lakások,2025. IV.,23.1
Észak-Alföld,"családi ház, sorház",Használt lakások,2021. I.,11.6
Észak-Alföld,"családi ház, sorház",Használt lakások,2021. II.,11.4
Észak-Alföld,"családi ház, sorház",Használt lakások,2021. III.,10.9
Észak-Alföld,"családi ház, sorház",Használt lakások,2021. IV.,11.4
Észak-Alföld,"családi ház, sorház",Használt lakások,2022. I.,13.7
Észak-Alföld,"családi ház, sorház",Használt lakások,2022. II.,13
Észak-Alföld,"családi ház, sorház",Használt lakások,2022. III.,11.9
Észak-Alföld,"családi ház, sorház",Használt lakások,2022. IV.,11
Észak-Alföld,"családi ház, sorház",Használt lakások,2023. I.,12.8
Észak-Alföld,"családi ház, sorház",Használt lakások,2023. II.,12.5
Észak-Alföld,"családi ház, sorház",Használt lakások,2023. III.,13.3
Észak-Alföld,"családi ház, sorház",Használt lakások,2023. IV.,14.9
Észak-Alföld,"családi ház, sorház",Használt lakások,2024. I.,17.7
Észak-Alföld,"családi ház, sorház",Használt lakások,2024. II.,17
Észak-Alföld,"családi ház, sorház",Használt lakások,2024. III.,17
Észak-Alföld,"családi ház, sorház",Használt lakások,2024. IV.,18.4
Észak-Alföld,"családi ház, sorház",Használt lakások,2025. I.,19.8
Észak-Alföld,"családi ház, sorház",Használt lakások,2025. II.,19.1
Észak-Alföld,"családi ház, sorház",Használt lakások,2025. III.,20.3
Észak-Alföld,"családi ház, sorház",Használt lakások,2025. IV.,21.8
Észak-Alföld,többlakásos,Használt lakások,2021. I.,20.3
Észak-Alföld,többlakásos,Használt lakások,2021. II.,21
Észak-Alföld,többlakásos,Használt lakások,2021. III.,21.5
Észak-Alföld,többlakásos,Használt lakások,2021. IV.,22.4
Észak-Alföld,többlakásos,Használt lakások,2022. I.,24.9
Észak-Alföld,többlakásos,Használt lakások,2022. II.,25.9
Észak-Alföld,többlakásos,Használt lakások,2022. III.,26
Észak-Alföld,többlakásos,Használt lakások,2022. IV.,27.3
Észak-Alföld,többlakásos,Használt lakások,2023. I.,27.4
Észak-Alföld,többlakásos,Használt lakások,2023. II.,28.2
Észak-Alföld,többlakásos,Használt lakások,2023. III.,29.8
Észak-Alföld,többlakásos,Használt lakások,2023. IV.,29.5
Észak-Alföld,többlakásos,Használt lakások,2024. I.,33.2
Észak-Alföld,többlakásos,Használt lakások,2024. II.,32.7
Észak-Alföld,többlakásos,Használt lakások,2024. III.,33
Észak-Alföld,többlakásos,Használt lakások,2024. IV.,35.4
Észak-Alföld,többlakásos,Használt lakások,2025. I.,37.6
Észak-Alföld,többlakásos,Használt lakások,2025. II.,37.3
Észak-Alföld,többlakásos,Használt lakások,2025. III.,40.3
Észak-Alföld,többlakásos,Használt lakások,2025. IV.,40.8
Észak-Alföld,lakótelep,Használt lakások,2021. I.,18.9
Észak-Alföld,lakótelep,Használt lakások,2021. II.,18.9
Észak-Alföld,lakótelep,Használt lakások,2021. III.,20.5
Észak-Alföld,lakótelep,Használt lakások,2021. IV.,21.5
Észak-Alföld,lakótelep,Használt lakások,2022. I.,23.5
Észak-Alföld,lakótelep,Használt lakások,2022. II.,25.2
Észak-Alföld,lakótelep,Használt lakások,2022. III.,25.4
Észak-Alföld,lakótelep,Használt lakások,2022. IV.,25.5
Észak-Alföld,lakótelep,Használt lakások,2023. I.,26.5
Észak-Alföld,lakótelep,Használt lakások,2023. II.,27
Észak-Alföld,lakótelep,Használt lakások,2023. III.,26.8
Észak-Alföld,lakótelep,Használt lakások,2023. IV.,26.8
Észak-Alföld,lakótelep,Használt lakások,2024. I.,28.9
Észak-Alföld,lakótelep,Használt lakások,2024. II.,29.9
Észak-Alföld,lakótelep,Használt lakások,2024. III.,31.2
Észak-Alföld,lakótelep,Használt lakások,2024. IV.,31.6
Észak-Alföld,lakótelep,Használt lakások,2025. I.,34.9
Észak-Alföld,lakótelep,Használt lakások,2025. II.,35.5
Észak-Alföld,lakótelep,Használt lakások,2025. III.,39.2
Észak-Alföld,lakótelep,Használt lakások,2025. IV.,39.7
Észak-Alföld,együtt,Használt lakások,2021. I.,14.3
Észak-Alföld,együtt,Használt lakások,2021. II.,14.1
Észak-Alföld,együtt,Használt lakások,2021. III.,13.9
Észak-Alföld,együtt,Használt lakások,2021. IV.,14.9
Észak-Alföld,együtt,Használt lakások,2022. I.,17.6
Észak-Alföld,együtt,Használt lakások,2022. II.,16.5
Észak-Alföld,együtt,Használt lakások,2022. III.,15.7
Észak-Alföld,együtt,Használt lakások,2022. IV.,14.7
Észak-Alföld,együtt,Használt lakások,2023. I.,17
Észak-Alföld,együtt,Használt lakások,2023. II.,16.4
Észak-Alföld,együtt,Használt lakások,2023. III.,17.4
Észak-Alföld,együtt,Használt lakások,2023. IV.,19.2
Észak-Alföld,együtt,Használt lakások,2024. I.,22.6
Észak-Alföld,együtt,Használt lakások,2024. II.,21.6
Észak-Alföld,együtt,Használt lakások,2024. III.,21.9
Észak-Alföld,együtt,Használt lakások,2024. IV.,24.1
Észak-Alföld,együtt,Használt lakások,2025. I.,26.1
Észak-Alföld,együtt,Használt lakások,2025. II.,24.5
Észak-Alföld,együtt,Használt lakások,2025. III.,27.2
Észak-Alföld,együtt,Használt lakások,2025. IV.,28.7
Dél-Alföld,"családi ház, sorház",Használt lakások,2021. I.,12.2
Dél-Alföld,"családi ház, sorház",Használt lakások,2021. II.,12
Dél-Alföld,"családi ház, sorház",Használt lakások,2021. III.,12
Dél-Alföld,"családi ház, sorház",Használt lakások,2021. IV.,12.6
Dél-Alföld,"családi ház, sorház",Használt lakások,2022. I.,14.4
Dél-Alföld,"családi ház, sorház",Használt lakások,2022. II.,14
Dél-Alföld,"családi ház, sorház",Használt lakások,2022. III.,12.6
Dél-Alföld,"családi ház, sorház",Használt lakások,2022. IV.,11.6
Dél-Alföld,"családi ház, sorház",Használt lakások,2023. I.,13.7
Dél-Alföld,"családi ház, sorház",Használt lakások,2023. II.,13.2
Dél-Alföld,"családi ház, sorház",Használt lakások,2023. III.,14.5
Dél-Alföld,"családi ház, sorház",Használt lakások,2023. IV.,15.5
Dél-Alföld,"családi ház, sorház",Használt lakások,2024. I.,18
Dél-Alföld,"családi ház, sorház",Használt lakások,2024. II.,17.3
Dél-Alföld,"családi ház, sorház",Használt lakások,2024. III.,16.9
Dél-Alföld,"családi ház, sorház",Használt lakások,2024. IV.,17.9
Dél-Alföld,"családi ház, sorház",Használt lakások,2025. I.,20.5
Dél-Alföld,"családi ház, sorház",Használt lakások,2025. II.,20.2
Dél-Alföld,"családi ház, sorház",Használt lakások,2025. III.,22
Dél-Alföld,"családi ház, sorház",Használt lakások,2025. IV.,25
Dél-Alföld,többlakásos,Használt lakások,2021. I.,19.8
Dél-Alföld,többlakásos,Használt lakások,2021. II.,19.9
Dél-Alföld,többlakásos,Használt lakások,2021. III.,20.5
Dél-Alföld,többlakásos,Használt lakások,2021. IV.,21.9
Dél-Alföld,többlakásos,Használt lakások,2022. I.,24.4
Dél-Alföld,többlakásos,Használt lakások,2022. II.,25.9
Dél-Alföld,többlakásos,Használt lakások,2022. III.,25.9
Dél-Alföld,többlakásos,Használt lakások,2022. IV.,26.2
Dél-Alföld,többlakásos,Használt lakások,2023. I.,27.4
Dél-Alföld,többlakásos,Használt lakások,2023. II.,27.6
Dél-Alföld,többlakásos,Használt lakások,2023. III.,27.9
Dél-Alföld,többlakásos,Használt lakások,2023. IV.,28.8
Dél-Alföld,többlakásos,Használt lakások,2024. I.,30.7
Dél-Alföld,többlakásos,Használt lakások,2024. II.,32
Dél-Alföld,többlakásos,Használt lakások,2024. III.,32.6
Dél-Alföld,többlakásos,Használt lakások,2024. IV.,33.5
Dél-Alföld,többlakásos,Használt lakások,2025. I.,35.8
Dél-Alföld,többlakásos,Használt lakások,2025. II.,37.1
Dél-Alföld,többlakásos,Használt lakások,2025. III.,37.8
Dél-Alföld,többlakásos,Használt lakások,2025. IV.,40.5
Dél-Alföld,lakótelep,Használt lakások,2021. I.,15.7
Dél-Alföld,lakótelep,Használt lakások,2021. II.,16.5
Dél-Alföld,lakótelep,Használt lakások,2021. III.,16.9
Dél-Alföld,lakótelep,Használt lakások,2021. IV.,17.6
Dél-Alföld,lakótelep,Használt lakások,2022. I.,19.7
Dél-Alföld,lakótelep,Használt lakások,2022. II.,21.8
Dél-Alföld,lakótelep,Használt lakások,2022. III.,21.9
Dél-Alföld,lakótelep,Használt lakások,2022. IV.,22
Dél-Alföld,lakótelep,Használt lakások,2023. I.,22.5
Dél-Alföld,lakótelep,Használt lakások,2023. II.,21.9
Dél-Alföld,lakótelep,Használt lakások,2023. III.,23.1
Dél-Alföld,lakótelep,Használt lakások,2023. IV.,22.5
Dél-Alföld,lakótelep,Használt lakások,2024. I.,25.3
Dél-Alföld,lakótelep,Használt lakások,2024. II.,24.6
Dél-Alföld,lakótelep,Használt lakások,2024. III.,25.7
Dél-Alföld,lakótelep,Használt lakások,2024. IV.,26.1
Dél-Alföld,lakótelep,Használt lakások,2025. I.,28.3
Dél-Alföld,lakótelep,Használt lakások,2025. II.,28.9
Dél-Alföld,lakótelep,Használt lakások,2025. III.,31.9
Dél-Alföld,lakótelep,Használt lakások,2025. IV.,34.8
Dél-Alföld,együtt,Használt lakások,2021. I.,14.5
Dél-Alföld,együtt,Használt lakások,2021. II.,14.3
Dél-Alföld,együtt,Használt lakások,2021. III.,14.5
Dél-Alföld,együtt,Használt lakások,2021. IV.,15.5
Dél-Alföld,együtt,Használt lakások,2022. I.,17.8
Dél-Alföld,együtt,Használt lakások,2022. II.,17.4
Dél-Alföld,együtt,Használt lakások,2022. III.,16.4
Dél-Alföld,együtt,Használt lakások,2022. IV.,15.4
Dél-Alföld,együtt,Használt lakások,2023. I.,17.7
Dél-Alföld,együtt,Használt lakások,2023. II.,16.8
Dél-Alföld,együtt,Használt lakások,2023. III.,18.3
Dél-Alföld,együtt,Használt lakások,2023. IV.,19.3
Dél-Alföld,együtt,Használt lakások,2024. I.,22.3
Dél-Alföld,együtt,Használt lakások,2024. II.,21.6
Dél-Alföld,együtt,Használt lakások,2024. III.,21.5
Dél-Alföld,együtt,Használt lakások,2024. IV.,23.4
Dél-Alföld,együtt,Használt lakások,2025. I.,25.7
Dél-Alföld,együtt,Használt lakások,2025. II.,24.9
Dél-Alföld,együtt,Használt lakások,2025. III.,27.5
Dél-Alföld,együtt,Használt lakások,2025. IV.,30.5
Ország,"családi ház, sorház",Használt lakások,2021. I.,19.5
Ország,"családi ház, sorház",Használt lakások,2021. II.,18.7
Ország,"családi ház, sorház",Használt lakások,2021. III.,17.7
Ország,"családi ház, sorház",Használt lakások,2021. IV.,18.7
Ország,"családi ház, sorház",Használt lakások,2022. I.,22.9
Ország,"családi ház, sorház",Használt lakások,2022. II.,21.4
Ország,"családi ház, sorház",Használt lakások,2022. III.,19.5
Ország,"családi ház, sorház",Használt lakások,2022. IV.,17.9
Ország,"családi ház, sorház",Használt lakások,2023. I.,21.3
Ország,"családi ház, sorház",Használt lakások,2023. II.,21.8
Ország,"családi ház, sorház",Használt lakások,2023. III.,22.1
Ország,"családi ház, sorház",Használt lakások,2023. IV.,24.3
Ország,"családi ház, sorház",Használt lakások,2024. I.,28.2
Ország,"családi ház, sorház",Használt lakások,2024. II.,27.9
Ország,"családi ház, sorház",Használt lakások,2024. III.,27.2
Ország,"családi ház, sorház",Használt lakások,2024. IV.,29
Ország,"családi ház, sorház",Használt lakások,2025. I.,31.5
Ország,"családi ház, sorház",Használt lakások,2025. II.,30.5
Ország,"családi ház, sorház",Használt lakások,2025. III.,32.5
Ország,"családi ház, sorház",Használt lakások,2025. IV.,36.9
Ország,többlakásos,Használt lakások,2021. I.,29.8
Ország,többlakásos,Használt lakások,2021. II.,30.3
Ország,többlakásos,Használt lakások,2021. III.,30.1
Ország,többlakásos,Használt lakások,2021. IV.,32.3
Ország,többlakásos,Használt lakások,2022. I.,36.2
Ország,többlakásos,Használt lakások,2022. II.,38.5
Ország,többlakásos,Használt lakások,2022. III.,38.6
Ország,többlakásos,Használt lakások,2022. IV.,38.7
Ország,többlakásos,Használt lakások,2023. I.,40.3
Ország,többlakásos,Használt lakások,2023. II.,41.4
Ország,többlakásos,Használt lakások,2023. III.,40.4
Ország,többlakásos,Használt lakások,2023. IV.,42.2
Ország,többlakásos,Használt lakások,2024. I.,44.5
Ország,többlakásos,Használt lakások,2024. II.,46.5
Ország,többlakásos,Használt lakások,2024. III.,45.2
Ország,többlakásos,Használt lakások,2024. IV.,46.7
Ország,többlakásos,Használt lakások,2025. I.,50.6
Ország,többlakásos,Használt lakások,2025. II.,51.8
Ország,többlakásos,Használt lakások,2025. III.,51.9
Ország,többlakásos,Használt lakások,2025. IV.,55
Ország,lakótelep,Használt lakások,2021. I.,20.3
Ország,lakótelep,Használt lakások,2021. II.,21.1
Ország,lakótelep,Használt lakások,2021. III.,21.7
Ország,lakótelep,Használt lakások,2021. IV.,22.7
Ország,lakótelep,Használt lakások,2022. I.,25
Ország,lakótelep,Használt lakások,2022. II.,27.2
Ország,lakótelep,Használt lakások,2022. III.,27.6
Ország,lakótelep,Használt lakások,2022. IV.,27.4
Ország,lakótelep,Használt lakások,2023. I.,28.2
Ország,lakótelep,Használt lakások,2023. II.,28.3
Ország,lakótelep,Használt lakások,2023. III.,28.4
Ország,lakótelep,Használt lakások,2023. IV.,28.6
Ország,lakótelep,Használt lakások,2024. I.,31
Ország,lakótelep,Használt lakások,2024. II.,32.2
Ország,lakótelep,Használt lakások,2024. III.,32.5
Ország,lakótelep,Használt lakások,2024. IV.,34.2
Ország,lakótelep,Használt lakások,2025. I.,36.9
Ország,lakótelep,Használt lakások,2025. II.,39.3
Ország,lakótelep,Használt lakások,2025. III.,42.9
Ország,lakótelep,Használt lakások,2025. IV.,46.3
Ország,összesen,Használt lakások,2021. I.,23.3
Ország,összesen,Használt lakások,2021. II.,23
Ország,összesen,Használt lakások,2021. III.,22.5
Ország,összesen,Használt lakások,2021. IV.,24.4
Ország,összesen,Használt lakások,2022. I.,28.5
Ország,összesen,Használt lakások,2022. II.,28
Ország,összesen,Használt lakások,2022. III.,26.9
Ország,összesen,Használt lakások,2022. IV.,26
Ország,összesen,Használt lakások,2023. I.,28.9
Ország,összesen,Használt lakások,2023. II.,29
Ország,összesen,Használt lakások,2023. III.,28.9
Ország,összesen,Használt lakások,2023. IV.,31.4
Ország,összesen,Használt lakások,2024. I.,34.9
Ország,összesen,Használt lakások,2024. II.,35.3
Ország,összesen,Használt lakások,2024. III.,34.5
Ország,összesen,Használt lakások,2024. IV.,37.1
Ország,összesen,Használt lakások,2025. I.,39.9
Ország,összesen,Használt lakások,2025. II.,38.9
Ország,összesen,Használt lakások,2025. III.,41.1
Ország,összesen,Használt lakások,2025. IV.,45.1
Budapest,"családi ház, sorház",Új lakások,2021. I.,..
Budapest,"családi ház, sorház",Új lakások,2021. II.,..
Budapest,"családi ház, sorház",Új lakások,2021. III.,..
Budapest,"családi ház, sorház",Új lakások,2021. IV.,..
Budapest,"családi ház, sorház",Új lakások,2022. I.,..
Budapest,"családi ház, sorház",Új lakások,2022. II.,..
Budapest,"családi ház, sorház",Új lakások,2022. III.,..
Budapest,"családi ház, sorház",Új lakások,2022. IV.,..
Budapest,"családi ház, sorház",Új lakások,2023. I.,..
Budapest,"családi ház, sorház",Új lakások,2023. II.,..
Budapest,"családi ház, sorház",Új lakások,2023. III.,..
Budapest,"családi ház, sorház",Új lakások,2023. IV.,..
Budapest,"családi ház, sorház",Új lakások,2024. I.,..
Budapest,"családi ház, sorház",Új lakások,2024. II.,..
Budapest,"családi ház, sorház",Új lakások,2024. III.,..
Budapest,"családi ház, sorház",Új lakások,2024. IV.,..
Budapest,"családi ház, sorház",Új lakások,2025. I.,..
Budapest,"családi ház, sorház",Új lakások,2025. II.,..
Budapest,"családi ház, sorház",Új lakások,2025. III.,..
Budapest,"családi ház, sorház",Új lakások,2025. IV.,..
Budapest,többlakásos,Új lakások,2021. I.,51.3
Budapest,többlakásos,Új lakások,2021. II.,53.1
Budapest,többlakásos,Új lakások,2021. III.,56.5
Budapest,többlakásos,Új lakások,2021. IV.,57.6
Budapest,többlakásos,Új lakások,2022. I.,63.7
Budapest,többlakásos,Új lakások,2022. II.,59.4
Budapest,többlakásos,Új lakások,2022. III.,60.5
Budapest,többlakásos,Új lakások,2022. IV.,65.7
Budapest,többlakásos,Új lakások,2023. I.,71.8
Budapest,többlakásos,Új lakások,2023. II.,77.9
Budapest,többlakásos,Új lakások,2023. III.,64.2
Budapest,többlakásos,Új lakások,2023. IV.,69.8
Budapest,többlakásos,Új lakások,2024. I.,82.3
Budapest,többlakásos,Új lakások,2024. II.,78.7
Budapest,többlakásos,Új lakások,2024. III.,73
Budapest,többlakásos,Új lakások,2024. IV.,83.4
Budapest,többlakásos,Új lakások,2025. I.,89.5
Budapest,többlakásos,Új lakások,2025. II.,101.8
Budapest,többlakásos,Új lakások,2025. III.,93.8
Budapest,többlakásos,Új lakások,2025. IV.,91.6
Budapest,lakótelep,Új lakások,2021. I.,..
Budapest,lakótelep,Új lakások,2021. II.,..
Budapest,lakótelep,Új lakások,2021. III.,..
Budapest,lakótelep,Új lakások,2021. IV.,..
Budapest,lakótelep,Új lakások,2022. I.,..
Budapest,lakótelep,Új lakások,2022. II.,..
Budapest,lakótelep,Új lakások,2022. III.,..
Budapest,lakótelep,Új lakások,2022. IV.,..
Budapest,lakótelep,Új lakások,2023. I.,..
Budapest,lakótelep,Új lakások,2023. II.,..
Budapest,lakótelep,Új lakások,2023. III.,..
Budapest,lakótelep,Új lakások,2023. IV.,..
Budapest,lakótelep,Új lakások,2024. I.,..
Budapest,lakótelep,Új lakások,2024. II.,..
Budapest,lakótelep,Új lakások,2024. III.,..
Budapest,lakótelep,Új lakások,2024. IV.,..
Budapest,lakótelep,Új lakások,2025. I.,..
Budapest,lakótelep,Új lakások,2025. II.,..
Budapest,lakótelep,Új lakások,2025. III.,..
Budapest,lakótelep,Új lakások,2025. IV.,..
Budapest,együtt,Új lakások,2021. I.,51.8
Budapest,együtt,Új lakások,2021. II.,53.5
Budapest,együtt,Új lakások,2021. III.,56.5
Budapest,együtt,Új lakások,2021. IV.,57.7
Budapest,együtt,Új lakások,2022. I.,64.8
Budapest,együtt,Új lakások,2022. II.,60
Budapest,együtt,Új lakások,2022. III.,60.5
Budapest,együtt,Új lakások,2022. IV.,66.9
Budapest,együtt,Új lakások,2023. I.,72.4
Budapest,együtt,Új lakások,2023. II.,79.5
Budapest,együtt,Új lakások,2023. III.,64.5
Budapest,együtt,Új lakások,2023. IV.,70.4
Budapest,együtt,Új lakások,2024. I.,83.9
Budapest,együtt,Új lakások,2024. II.,80.5
Budapest,együtt,Új lakások,2024. III.,73.3
Budapest,együtt,Új lakások,2024. IV.,84.1
Budapest,együtt,Új lakások,2025. I.,90.4
Budapest,együtt,Új lakások,2025. II.,102.2
Budapest,együtt,Új lakások,2025. III.,94.5
Budapest,együtt,Új lakások,2025. IV.,91.9
Pest,"családi ház, sorház",Új lakások,2021. I.,55.6
Pest,"családi ház, sorház",Új lakások,2021. II.,60.4
Pest,"családi ház, sorház",Új lakások,2021. III.,65.2
Pest,"családi ház, sorház",Új lakások,2021. IV.,..
Pest,"családi ház, sorház",Új lakások,2022. I.,79.4
Pest,"családi ház, sorház",Új lakások,2022. II.,75.1
Pest,"családi ház, sorház",Új lakások,2022. III.,..
Pest,"családi ház, sorház",Új lakások,2022. IV.,..
Pest,"családi ház, sorház",Új lakások,2023. I.,78.7
Pest,"családi ház, sorház",Új lakások,2023. II.,89.5
Pest,"családi ház, sorház",Új lakások,2023. III.,85.4
Pest,"családi ház, sorház",Új lakások,2023. IV.,..
Pest,"családi ház, sorház",Új lakások,2024. I.,94.3
Pest,"családi ház, sorház",Új lakások,2024. II.,95
Pest,"családi ház, sorház",Új lakások,2024. III.,..
Pest,"családi ház, sorház",Új lakások,2024. IV.,..
Pest,"családi ház, sorház",Új lakások,2025. I.,92.3
Pest,"családi ház, sorház",Új lakások,2025. II.,104.7
Pest,"családi ház, sorház",Új lakások,2025. III.,100.9
Pest,"családi ház, sorház",Új lakások,2025. IV.,..
Pest,többlakásos,Új lakások,2021. I.,45.9
Pest,többlakásos,Új lakások,2021. II.,50.2
Pest,többlakásos,Új lakások,2021. III.,52.2
Pest,többlakásos,Új lakások,2021. IV.,58.7
Pest,többlakásos,Új lakások,2022. I.,60
Pest,többlakásos,Új lakások,2022. II.,63.5
Pest,többlakásos,Új lakások,2022. III.,58.6
Pest,többlakásos,Új lakások,2022. IV.,70.2
Pest,többlakásos,Új lakások,2023. I.,64.5
Pest,többlakásos,Új lakások,2023. II.,65
Pest,többlakásos,Új lakások,2023. III.,59.3
Pest,többlakásos,Új lakások,2023. IV.,61
Pest,többlakásos,Új lakások,2024. I.,66.2
Pest,többlakásos,Új lakások,2024. II.,65.5
Pest,többlakásos,Új lakások,2024. III.,68.8
Pest,többlakásos,Új lakások,2024. IV.,62.9
Pest,többlakásos,Új lakások,2025. I.,72.5
Pest,többlakásos,Új lakások,2025. II.,74.9
Pest,többlakásos,Új lakások,2025. III.,75.8
Pest,többlakásos,Új lakások,2025. IV.,78.1
Pest,lakótelep,Új lakások,2021. I.,..
Pest,lakótelep,Új lakások,2021. II.,..
Pest,lakótelep,Új lakások,2021. III.,..
Pest,lakótelep,Új lakások,2021. IV.,..
Pest,lakótelep,Új lakások,2022. I.,..
Pest,lakótelep,Új lakások,2022. II.,..
Pest,lakótelep,Új lakások,2022. III.,..
Pest,lakótelep,Új lakások,2022. IV.,..
Pest,lakótelep,Új lakások,2023. I.,..
Pest,lakótelep,Új lakások,2023. II.,..
Pest,lakótelep,Új lakások,2023. III.,..
Pest,lakótelep,Új lakások,2023. IV.,..
Pest,lakótelep,Új lakások,2024. I.,..
Pest,lakótelep,Új lakások,2024. II.,..
Pest,lakótelep,Új lakások,2024. III.,..
Pest,lakótelep,Új lakások,2024. IV.,..
Pest,lakótelep,Új lakások,2025. I.,..
Pest,lakótelep,Új lakások,2025. II.,..
Pest,lakótelep,Új lakások,2025. III.,..
Pest,lakótelep,Új lakások,2025. IV.,..
Pest,együtt,Új lakások,2021. I.,48.7
Pest,együtt,Új lakások,2021. II.,53.5
Pest,együtt,Új lakások,2021. III.,56.3
Pest,együtt,Új lakások,2021. IV.,61.2
Pest,együtt,Új lakások,2022. I.,66.8
Pest,együtt,Új lakások,2022. II.,67.9
Pest,együtt,Új lakások,2022. III.,65.2
Pest,együtt,Új lakások,2022. IV.,73.9
Pest,együtt,Új lakások,2023. I.,68.6
Pest,együtt,Új lakások,2023. II.,72.6
Pest,együtt,Új lakások,2023. III.,65.7
Pest,együtt,Új lakások,2023. IV.,65.2
Pest,együtt,Új lakások,2024. I.,74.2
Pest,együtt,Új lakások,2024. II.,73.8
Pest,együtt,Új lakások,2024. III.,75
Pest,együtt,Új lakások,2024. IV.,66.5
Pest,együtt,Új lakások,2025. I.,77.6
Pest,együtt,Új lakások,2025. II.,86.3
Pest,együtt,Új lakások,2025. III.,82.1
Pest,együtt,Új lakások,2025. IV.,83.8
Közép-Dunántúl,"családi ház, sorház",Új lakások,2021. I.,..
Közép-Dunántúl,"családi ház, sorház",Új lakások,2021. II.,..
Közép-Dunántúl,"családi ház, sorház",Új lakások,2021. III.,..
Közép-Dunántúl,"családi ház, sorház",Új lakások,2021. IV.,..
Közép-Dunántúl,"családi ház, sorház",Új lakások,2022. I.,..
Közép-Dunántúl,"családi ház, sorház",Új lakások,2022. II.,..
Közép-Dunántúl,"családi ház, sorház",Új lakások,2022. III.,..
Közép-Dunántúl,"családi ház, sorház",Új lakások,2022. IV.,..
Közép-Dunántúl,"családi ház, sorház",Új lakások,2023. I.,..
Közép-Dunántúl,"családi ház, sorház",Új lakások,2023. II.,..
Közép-Dunántúl,"családi ház, sorház",Új lakások,2023. III.,..
Közép-Dunántúl,"családi ház, sorház",Új lakások,2023. IV.,..
Közép-Dunántúl,"családi ház, sorház",Új lakások,2024. I.,..
Közép-Dunántúl,"családi ház, sorház",Új lakások,2024. II.,..
Közép-Dunántúl,"családi ház, sorház",Új lakások,2024. III.,..
Közép-Dunántúl,"családi ház, sorház",Új lakások,2024. IV.,..
Közép-Dunántúl,"családi ház, sorház",Új lakások,2025. I.,..
Közép-Dunántúl,"családi ház, sorház",Új lakások,2025. II.,..
Közép-Dunántúl,"családi ház, sorház",Új lakások,2025. III.,..
Közép-Dunántúl,"családi ház, sorház",Új lakások,2025. IV.,..
Közép-Dunántúl,többlakásos,Új lakások,2021. I.,39.8
Közép-Dunántúl,többlakásos,Új lakások,2021. II.,35.2
Közép-Dunántúl,többlakásos,Új lakások,2021. III.,44.7
Közép-Dunántúl,többlakásos,Új lakások,2021. IV.,40.8
Közép-Dunántúl,többlakásos,Új lakások,2022. I.,49.3
Közép-Dunántúl,többlakásos,Új lakások,2022. II.,41.1
Közép-Dunántúl,többlakásos,Új lakások,2022. III.,41.8
Közép-Dunántúl,többlakásos,Új lakások,2022. IV.,45.7
Közép-Dunántúl,többlakásos,Új lakások,2023. I.,49.6
Közép-Dunántúl,többlakásos,Új lakások,2023. II.,62.3
Közép-Dunántúl,többlakásos,Új lakások,2023. III.,65.1
Közép-Dunántúl,többlakásos,Új lakások,2023. IV.,57.7
Közép-Dunántúl,többlakásos,Új lakások,2024. I.,59.8
Közép-Dunántúl,többlakásos,Új lakások,2024. II.,55.4
Közép-Dunántúl,többlakásos,Új lakások,2024. III.,..
Közép-Dunántúl,többlakásos,Új lakások,2024. IV.,67.1
Közép-Dunántúl,többlakásos,Új lakások,2025. I.,67.2
Közép-Dunántúl,többlakásos,Új lakások,2025. II.,64.1
Közép-Dunántúl,többlakásos,Új lakások,2025. III.,62.7
Közép-Dunántúl,többlakásos,Új lakások,2025. IV.,74.4
Közép-Dunántúl,lakótelep,Új lakások,2021. I.,..
Közép-Dunántúl,lakótelep,Új lakások,2021. II.,..
Közép-Dunántúl,lakótelep,Új lakások,2021. III.,..
Közép-Dunántúl,lakótelep,Új lakások,2021. IV.,..
Közép-Dunántúl,lakótelep,Új lakások,2022. I.,..
Közép-Dunántúl,lakótelep,Új lakások,2022. II.,..
Közép-Dunántúl,lakótelep,Új lakások,2022. III.,..
Közép-Dunántúl,lakótelep,Új lakások,2022. IV.,..
Közép-Dunántúl,lakótelep,Új lakások,2023. I.,..
Közép-Dunántúl,lakótelep,Új lakások,2023. II.,..
Közép-Dunántúl,lakótelep,Új lakások,2023. III.,..
Közép-Dunántúl,lakótelep,Új lakások,2023. IV.,..
Közép-Dunántúl,lakótelep,Új lakások,2024. I.,..
Közép-Dunántúl,lakótelep,Új lakások,2024. II.,..
Közép-Dunántúl,lakótelep,Új lakások,2024. III.,..
Közép-Dunántúl,lakótelep,Új lakások,2024. IV.,..
Közép-Dunántúl,lakótelep,Új lakások,2025. I.,..
Közép-Dunántúl,lakótelep,Új lakások,2025. II.,..
Közép-Dunántúl,lakótelep,Új lakások,2025. III.,..
Közép-Dunántúl,lakótelep,Új lakások,2025. IV.,..
Közép-Dunántúl,együtt,Új lakások,2021. I.,41.2
Közép-Dunántúl,együtt,Új lakások,2021. II.,38
Közép-Dunántúl,együtt,Új lakások,2021. III.,46.5
Közép-Dunántúl,együtt,Új lakások,2021. IV.,43
Közép-Dunántúl,együtt,Új lakások,2022. I.,51.8
Közép-Dunántúl,együtt,Új lakások,2022. II.,43.9
Közép-Dunántúl,együtt,Új lakások,2022. III.,45
Közép-Dunántúl,együtt,Új lakások,2022. IV.,48.5
Közép-Dunántúl,együtt,Új lakások,2023. I.,56
Közép-Dunántúl,együtt,Új lakások,2023. II.,63.1
Közép-Dunántúl,együtt,Új lakások,2023. III.,64.8
Közép-Dunántúl,együtt,Új lakások,2023. IV.,59
Közép-Dunántúl,együtt,Új lakások,2024. I.,63.8
Közép-Dunántúl,együtt,Új lakások,2024. II.,61.5
Közép-Dunántúl,együtt,Új lakások,2024. III.,61
Közép-Dunántúl,együtt,Új lakások,2024. IV.,69.5
Közép-Dunántúl,együtt,Új lakások,2025. I.,71.5
Közép-Dunántúl,együtt,Új lakások,2025. II.,71
Közép-Dunántúl,együtt,Új lakások,2025. III.,69.6
Közép-Dunántúl,együtt,Új lakások,2025. IV.,76.3
Nyugat-Dunántúl,"családi ház, sorház",Új lakások,2021. I.,43.5
Nyugat-Dunántúl,"családi ház, sorház",Új lakások,2021. II.,49.6
Nyugat-Dunántúl,"családi ház, sorház",Új lakások,2021. III.,..
Nyugat-Dunántúl,"családi ház, sorház",Új lakások,2021. IV.,..
Nyugat-Dunántúl,"családi ház, sorház",Új lakások,2022. I.,64.4
Nyugat-Dunántúl,"családi ház, sorház",Új lakások,2022. II.,..
Nyugat-Dunántúl,"családi ház, sorház",Új lakások,2022. III.,..
Nyugat-Dunántúl,"családi ház, sorház",Új lakások,2022. IV.,..
Nyugat-Dunántúl,"családi ház, sorház",Új lakások,2023. I.,..
Nyugat-Dunántúl,"családi ház, sorház",Új lakások,2023. II.,..
Nyugat-Dunántúl,"családi ház, sorház",Új lakások,2023. III.,..
Nyugat-Dunántúl,"családi ház, sorház",Új lakások,2023. IV.,..
Nyugat-Dunántúl,"családi ház, sorház",Új lakások,2024. I.,..
Nyugat-Dunántúl,"családi ház, sorház",Új lakások,2024. II.,..
Nyugat-Dunántúl,"családi ház, sorház",Új lakások,2024. III.,..
Nyugat-Dunántúl,"családi ház, sorház",Új lakások,2024. IV.,..
Nyugat-Dunántúl,"családi ház, sorház",Új lakások,2025. I.,..
Nyugat-Dunántúl,"családi ház, sorház",Új lakások,2025. II.,..
Nyugat-Dunántúl,"családi ház, sorház",Új lakások,2025. III.,..
Nyugat-Dunántúl,"családi ház, sorház",Új lakások,2025. IV.,..
Nyugat-Dunántúl,többlakásos,Új lakások,2021. I.,29.5
Nyugat-Dunántúl,többlakásos,Új lakások,2021. II.,29.4
Nyugat-Dunántúl,többlakásos,Új lakások,2021. III.,30.1
Nyugat-Dunántúl,többlakásos,Új lakások,2021. IV.,33
Nyugat-Dunántúl,többlakásos,Új lakások,2022. I.,37.8
Nyugat-Dunántúl,többlakásos,Új lakások,2022. II.,35.2
Nyugat-Dunántúl,többlakásos,Új lakások,2022. III.,33.7
Nyugat-Dunántúl,többlakásos,Új lakások,2022. IV.,36
Nyugat-Dunántúl,többlakásos,Új lakások,2023. I.,39.3
Nyugat-Dunántúl,többlakásos,Új lakások,2023. II.,37.7
Nyugat-Dunántúl,többlakásos,Új lakások,2023. III.,44.4
Nyugat-Dunántúl,többlakásos,Új lakások,2023. IV.,39.8
Nyugat-Dunántúl,többlakásos,Új lakások,2024. I.,39.8
Nyugat-Dunántúl,többlakásos,Új lakások,2024. II.,44.1
Nyugat-Dunántúl,többlakásos,Új lakások,2024. III.,45.8
Nyugat-Dunántúl,többlakásos,Új lakások,2024. IV.,47.9
Nyugat-Dunántúl,többlakásos,Új lakások,2025. I.,48.1
Nyugat-Dunántúl,többlakásos,Új lakások,2025. II.,48.6
Nyugat-Dunántúl,többlakásos,Új lakások,2025. III.,55
Nyugat-Dunántúl,többlakásos,Új lakások,2025. IV.,56.3
Nyugat-Dunántúl,lakótelep,Új lakások,2021. I.,..
Nyugat-Dunántúl,lakótelep,Új lakások,2021. II.,..
Nyugat-Dunántúl,lakótelep,Új lakások,2021. III.,..
Nyugat-Dunántúl,lakótelep,Új lakások,2021. IV.,..
Nyugat-Dunántúl,lakótelep,Új lakások,2022. I.,..
Nyugat-Dunántúl,lakótelep,Új lakások,2022. II.,..
Nyugat-Dunántúl,lakótelep,Új lakások,2022. III.,..
Nyugat-Dunántúl,lakótelep,Új lakások,2022. IV.,..
Nyugat-Dunántúl,lakótelep,Új lakások,2023. I.,..
Nyugat-Dunántúl,lakótelep,Új lakások,2023. II.,..
Nyugat-Dunántúl,lakótelep,Új lakások,2023. III.,..
Nyugat-Dunántúl,lakótelep,Új lakások,2023. IV.,..
Nyugat-Dunántúl,lakótelep,Új lakások,2024. I.,..
Nyugat-Dunántúl,lakótelep,Új lakások,2024. II.,..
Nyugat-Dunántúl,lakótelep,Új lakások,2024. III.,..
Nyugat-Dunántúl,lakótelep,Új lakások,2024. IV.,..
Nyugat-Dunántúl,lakótelep,Új lakások,2025. I.,..
Nyugat-Dunántúl,lakótelep,Új lakások,2025. II.,..
Nyugat-Dunántúl,lakótelep,Új lakások,2025. III.,..
Nyugat-Dunántúl,lakótelep,Új lakások,2025. IV.,..
Nyugat-Dunántúl,együtt,Új lakások,2021. I.,31.5
Nyugat-Dunántúl,együtt,Új lakások,2021. II.,32
Nyugat-Dunántúl,együtt,Új lakások,2021. III.,32
Nyugat-Dunántúl,együtt,Új lakások,2021. IV.,35.3
Nyugat-Dunántúl,együtt,Új lakások,2022. I.,42.2
Nyugat-Dunántúl,együtt,Új lakások,2022. II.,39.2
Nyugat-Dunántúl,együtt,Új lakások,2022. III.,36.2
Nyugat-Dunántúl,együtt,Új lakások,2022. IV.,38.9
Nyugat-Dunántúl,együtt,Új lakások,2023. I.,44.6
Nyugat-Dunántúl,együtt,Új lakások,2023. II.,43.2
Nyugat-Dunántúl,együtt,Új lakások,2023. III.,46.5
Nyugat-Dunántúl,együtt,Új lakások,2023. IV.,41.4
Nyugat-Dunántúl,együtt,Új lakások,2024. I.,44.5
Nyugat-Dunántúl,együtt,Új lakások,2024. II.,52.2
Nyugat-Dunántúl,együtt,Új lakások,2024. III.,52.6
Nyugat-Dunántúl,együtt,Új lakások,2024. IV.,54.6
Nyugat-Dunántúl,együtt,Új lakások,2025. I.,53.9
Nyugat-Dunántúl,együtt,Új lakások,2025. II.,57.3
Nyugat-Dunántúl,együtt,Új lakások,2025. III.,61
Nyugat-Dunántúl,együtt,Új lakások,2025. IV.,62.3
Dél-Dunántúl,"családi ház, sorház",Új lakások,2021. I.,..
Dél-Dunántúl,"családi ház, sorház",Új lakások,2021. II.,..
Dél-Dunántúl,"családi ház, sorház",Új lakások,2021. III.,..
Dél-Dunántúl,"családi ház, sorház",Új lakások,2021. IV.,..
Dél-Dunántúl,"családi ház, sorház",Új lakások,2022. I.,..
Dél-Dunántúl,"családi ház, sorház",Új lakások,2022. II.,..
Dél-Dunántúl,"családi ház, sorház",Új lakások,2022. III.,..
Dél-Dunántúl,"családi ház, sorház",Új lakások,2022. IV.,..
Dél-Dunántúl,"családi ház, sorház",Új lakások,2023. I.,..
Dél-Dunántúl,"családi ház, sorház",Új lakások,2023. II.,..
Dél-Dunántúl,"családi ház, sorház",Új lakások,2023. III.,..
Dél-Dunántúl,"családi ház, sorház",Új lakások,2023. IV.,..
Dél-Dunántúl,"családi ház, sorház",Új lakások,2024. I.,..
Dél-Dunántúl,"családi ház, sorház",Új lakások,2024. II.,..
Dél-Dunántúl,"családi ház, sorház",Új lakások,2024. III.,..
Dél-Dunántúl,"családi ház, sorház",Új lakások,2024. IV.,..
Dél-Dunántúl,"családi ház, sorház",Új lakások,2025. I.,..
Dél-Dunántúl,"családi ház, sorház",Új lakások,2025. II.,..
Dél-Dunántúl,"családi ház, sorház",Új lakások,2025. III.,..
Dél-Dunántúl,"családi ház, sorház",Új lakások,2025. IV.,..
Dél-Dunántúl,többlakásos,Új lakások,2021. I.,42
Dél-Dunántúl,többlakásos,Új lakások,2021. II.,39.7
Dél-Dunántúl,többlakásos,Új lakások,2021. III.,35.1
Dél-Dunántúl,többlakásos,Új lakások,2021. IV.,43.1
Dél-Dunántúl,többlakásos,Új lakások,2022. I.,49.2
Dél-Dunántúl,többlakásos,Új lakások,2022. II.,53.8
Dél-Dunántúl,többlakásos,Új lakások,2022. III.,56.3
Dél-Dunántúl,többlakásos,Új lakások,2022. IV.,46.5
Dél-Dunántúl,többlakásos,Új lakások,2023. I.,44.8
Dél-Dunántúl,többlakásos,Új lakások,2023. II.,60.9
Dél-Dunántúl,többlakásos,Új lakások,2023. III.,62.3
Dél-Dunántúl,többlakásos,Új lakások,2023. IV.,55.7
Dél-Dunántúl,többlakásos,Új lakások,2024. I.,63.7
Dél-Dunántúl,többlakásos,Új lakások,2024. II.,69.7
Dél-Dunántúl,többlakásos,Új lakások,2024. III.,68.3
Dél-Dunántúl,többlakásos,Új lakások,2024. IV.,74.1
Dél-Dunántúl,többlakásos,Új lakások,2025. I.,78.5
Dél-Dunántúl,többlakásos,Új lakások,2025. II.,78.4
Dél-Dunántúl,többlakásos,Új lakások,2025. III.,80.2
Dél-Dunántúl,többlakásos,Új lakások,2025. IV.,72
Dél-Dunántúl,lakótelep,Új lakások,2021. I.,..
Dél-Dunántúl,lakótelep,Új lakások,2021. II.,..
Dél-Dunántúl,lakótelep,Új lakások,2021. III.,..
Dél-Dunántúl,lakótelep,Új lakások,2021. IV.,..
Dél-Dunántúl,lakótelep,Új lakások,2022. I.,..
Dél-Dunántúl,lakótelep,Új lakások,2022. II.,..
Dél-Dunántúl,lakótelep,Új lakások,2022. III.,..
Dél-Dunántúl,lakótelep,Új lakások,2022. IV.,..
Dél-Dunántúl,lakótelep,Új lakások,2023. I.,..
Dél-Dunántúl,lakótelep,Új lakások,2023. II.,..
Dél-Dunántúl,lakótelep,Új lakások,2023. III.,..
Dél-Dunántúl,lakótelep,Új lakások,2023. IV.,..
Dél-Dunántúl,lakótelep,Új lakások,2024. I.,..
Dél-Dunántúl,lakótelep,Új lakások,2024. II.,..
Dél-Dunántúl,lakótelep,Új lakások,2024. III.,..
Dél-Dunántúl,lakótelep,Új lakások,2024. IV.,..
Dél-Dunántúl,lakótelep,Új lakások,2025. I.,..
Dél-Dunántúl,lakótelep,Új lakások,2025. II.,..
Dél-Dunántúl,lakótelep,Új lakások,2025. III.,..
Dél-Dunántúl,lakótelep,Új lakások,2025. IV.,..
Dél-Dunántúl,együtt,Új lakások,2021. I.,43.1
Dél-Dunántúl,együtt,Új lakások,2021. II.,42.6
Dél-Dunántúl,együtt,Új lakások,2021. III.,36
Dél-Dunántúl,együtt,Új lakások,2021. IV.,43.4
Dél-Dunántúl,együtt,Új lakások,2022. I.,49.5
Dél-Dunántúl,együtt,Új lakások,2022. II.,54.5
Dél-Dunántúl,együtt,Új lakások,2022. III.,56.5
Dél-Dunántúl,együtt,Új lakások,2022. IV.,47.8
Dél-Dunántúl,együtt,Új lakások,2023. I.,46.8
Dél-Dunántúl,együtt,Új lakások,2023. II.,63.7
Dél-Dunántúl,együtt,Új lakások,2023. III.,62.6
Dél-Dunántúl,együtt,Új lakások,2023. IV.,57.5
Dél-Dunántúl,együtt,Új lakások,2024. I.,63.5
Dél-Dunántúl,együtt,Új lakások,2024. II.,71.1
Dél-Dunántúl,együtt,Új lakások,2024. III.,68.7
Dél-Dunántúl,együtt,Új lakások,2024. IV.,77.8
Dél-Dunántúl,együtt,Új lakások,2025. I.,78.1
Dél-Dunántúl,együtt,Új lakások,2025. II.,79.2
Dél-Dunántúl,együtt,Új lakások,2025. III.,80.5
Dél-Dunántúl,együtt,Új lakások,2025. IV.,73.9
Észak-Magyarország,"családi ház, sorház",Új lakások,2021. I.,..
Észak-Magyarország,"családi ház, sorház",Új lakások,2021. II.,..
Észak-Magyarország,"családi ház, sorház",Új lakások,2021. III.,..
Észak-Magyarország,"családi ház, sorház",Új lakások,2021. IV.,..
Észak-Magyarország,"családi ház, sorház",Új lakások,2022. I.,..
Észak-Magyarország,"családi ház, sorház",Új lakások,2022. II.,..
Észak-Magyarország,"családi ház, sorház",Új lakások,2022. III.,..
Észak-Magyarország,"családi ház, sorház",Új lakások,2022. IV.,..
Észak-Magyarország,"családi ház, sorház",Új lakások,2023. I.,..
Észak-Magyarország,"családi ház, sorház",Új lakások,2023. II.,..
Észak-Magyarország,"családi ház, sorház",Új lakások,2023. III.,..
Észak-Magyarország,"családi ház, sorház",Új lakások,2023. IV.,..
Észak-Magyarország,"családi ház, sorház",Új lakások,2024. I.,..
Észak-Magyarország,"családi ház, sorház",Új lakások,2024. II.,..
Észak-Magyarország,"családi ház, sorház",Új lakások,2024. III.,..
Észak-Magyarország,"családi ház, sorház",Új lakások,2024. IV.,..
Észak-Magyarország,"családi ház, sorház",Új lakások,2025. I.,..
Észak-Magyarország,"családi ház, sorház",Új lakások,2025. II.,..
Észak-Magyarország,"családi ház, sorház",Új lakások,2025. III.,..
Észak-Magyarország,"családi ház, sorház",Új lakások,2025. IV.,..
Észak-Magyarország,többlakásos,Új lakások,2021. I.,32.5
Észak-Magyarország,többlakásos,Új lakások,2021. II.,30.9
Észak-Magyarország,többlakásos,Új lakások,2021. III.,30.1
Észak-Magyarország,többlakásos,Új lakások,2021. IV.,30.3
Észak-Magyarország,többlakásos,Új lakások,2022. I.,35.6
Észak-Magyarország,többlakásos,Új lakások,2022. II.,36.5
Észak-Magyarország,többlakásos,Új lakások,2022. III.,35
Észak-Magyarország,többlakásos,Új lakások,2022. IV.,..
Észak-Magyarország,többlakásos,Új lakások,2023. I.,..
Észak-Magyarország,többlakásos,Új lakások,2023. II.,..
Észak-Magyarország,többlakásos,Új lakások,2023. III.,..
Észak-Magyarország,többlakásos,Új lakások,2023. IV.,..
Észak-Magyarország,többlakásos,Új lakások,2024. I.,..
Észak-Magyarország,többlakásos,Új lakások,2024. II.,..
Észak-Magyarország,többlakásos,Új lakások,2024. III.,..
Észak-Magyarország,többlakásos,Új lakások,2024. IV.,43.2
Észak-Magyarország,többlakásos,Új lakások,2025. I.,..
Észak-Magyarország,többlakásos,Új lakások,2025. II.,..
Észak-Magyarország,többlakásos,Új lakások,2025. III.,..
Észak-Magyarország,többlakásos,Új lakások,2025. IV.,..
Észak-Magyarország,lakótelep,Új lakások,2021. I.,..
Észak-Magyarország,lakótelep,Új lakások,2021. II.,..
Észak-Magyarország,lakótelep,Új lakások,2021. III.,..
Észak-Magyarország,lakótelep,Új lakások,2021. IV.,..
Észak-Magyarország,lakótelep,Új lakások,2022. I.,..
Észak-Magyarország,lakótelep,Új lakások,2022. II.,..
Észak-Magyarország,lakótelep,Új lakások,2022. III.,..
Észak-Magyarország,lakótelep,Új lakások,2022. IV.,..
Észak-Magyarország,lakótelep,Új lakások,2023. I.,..
Észak-Magyarország,lakótelep,Új lakások,2023. II.,..
Észak-Magyarország,lakótelep,Új lakások,2023. III.,..
Észak-Magyarország,lakótelep,Új lakások,2023. IV.,..
Észak-Magyarország,lakótelep,Új lakások,2024. I.,..
Észak-Magyarország,lakótelep,Új lakások,2024. II.,..
Észak-Magyarország,lakótelep,Új lakások,2024. III.,..
Észak-Magyarország,lakótelep,Új lakások,2024. IV.,..
Észak-Magyarország,lakótelep,Új lakások,2025. I.,..
Észak-Magyarország,lakótelep,Új lakások,2025. II.,..
Észak-Magyarország,lakótelep,Új lakások,2025. III.,..
Észak-Magyarország,lakótelep,Új lakások,2025. IV.,..
Észak-Magyarország,együtt,Új lakások,2021. I.,33.5
Észak-Magyarország,együtt,Új lakások,2021. II.,32.1
Észak-Magyarország,együtt,Új lakások,2021. III.,29.9
Észak-Magyarország,együtt,Új lakások,2021. IV.,31.8
Észak-Magyarország,együtt,Új lakások,2022. I.,36.1
Észak-Magyarország,együtt,Új lakások,2022. II.,38.2
Észak-Magyarország,együtt,Új lakások,2022. III.,37.2
Észak-Magyarország,együtt,Új lakások,2022. IV.,..
Észak-Magyarország,együtt,Új lakások,2023. I.,..
Észak-Magyarország,együtt,Új lakások,2023. II.,..
Észak-Magyarország,együtt,Új lakások,2023. III.,..
Észak-Magyarország,együtt,Új lakások,2023. IV.,..
Észak-Magyarország,együtt,Új lakások,2024. I.,..
Észak-Magyarország,együtt,Új lakások,2024. II.,..
Észak-Magyarország,együtt,Új lakások,2024. III.,..
Észak-Magyarország,együtt,Új lakások,2024. IV.,44.1
Észak-Magyarország,együtt,Új lakások,2025. I.,..
Észak-Magyarország,együtt,Új lakások,2025. II.,..
Észak-Magyarország,együtt,Új lakások,2025. III.,..
Észak-Magyarország,együtt,Új lakások,2025. IV.,..
Észak-Alföld,"családi ház, sorház",Új lakások,2021. I.,..
Észak-Alföld,"családi ház, sorház",Új lakások,2021. II.,..
Észak-Alföld,"családi ház, sorház",Új lakások,2021. III.,..
Észak-Alföld,"családi ház, sorház",Új lakások,2021. IV.,..
Észak-Alföld,"családi ház, sorház",Új lakások,2022. I.,61
Észak-Alföld,"családi ház, sorház",Új lakások,2022. II.,..
Észak-Alföld,"családi ház, sorház",Új lakások,2022. III.,..
Észak-Alföld,"családi ház, sorház",Új lakások,2022. IV.,..
Észak-Alföld,"családi ház, sorház",Új lakások,2023. I.,..
Észak-Alföld,"családi ház, sorház",Új lakások,2023. II.,..
Észak-Alföld,"családi ház, sorház",Új lakások,2023. III.,..
Észak-Alföld,"családi ház, sorház",Új lakások,2023. IV.,..
Észak-Alföld,"családi ház, sorház",Új lakások,2024. I.,..
Észak-Alföld,"családi ház, sorház",Új lakások,2024. II.,..
Észak-Alföld,"családi ház, sorház",Új lakások,2024. III.,..
Észak-Alföld,"családi ház, sorház",Új lakások,2024. IV.,..
Észak-Alföld,"családi ház, sorház",Új lakások,2025. I.,..
Észak-Alföld,"családi ház, sorház",Új lakások,2025. II.,..
Észak-Alföld,"családi ház, sorház",Új lakások,2025. III.,..
Észak-Alföld,"családi ház, sorház",Új lakások,2025. IV.,..
Észak-Alföld,többlakásos,Új lakások,2021. I.,30.7
Észak-Alföld,többlakásos,Új lakások,2021. II.,33.3
Észak-Alföld,többlakásos,Új lakások,2021. III.,35.9
Észak-Alföld,többlakásos,Új lakások,2021. IV.,34.5
Észak-Alföld,többlakásos,Új lakások,2022. I.,36.7
Észak-Alföld,többlakásos,Új lakások,2022. II.,37.1
Észak-Alföld,többlakásos,Új lakások,2022. III.,31.7
Észak-Alföld,többlakásos,Új lakások,2022. IV.,36.3
Észak-Alföld,többlakásos,Új lakások,2023. I.,35.5
Észak-Alföld,többlakásos,Új lakások,2023. II.,39.2
Észak-Alföld,többlakásos,Új lakások,2023. III.,37.2
Észak-Alföld,többlakásos,Új lakások,2023. IV.,43.6
Észak-Alföld,többlakásos,Új lakások,2024. I.,46.2
Észak-Alföld,többlakásos,Új lakások,2024. II.,46.8
Észak-Alföld,többlakásos,Új lakások,2024. III.,45.5
Észak-Alföld,többlakásos,Új lakások,2024. IV.,59
Észak-Alföld,többlakásos,Új lakások,2025. I.,56.4
Észak-Alföld,többlakásos,Új lakások,2025. II.,52.8
Észak-Alföld,többlakásos,Új lakások,2025. III.,56.2
Észak-Alföld,többlakásos,Új lakások,2025. IV.,60.4
Észak-Alföld,lakótelep,Új lakások,2021. I.,..
Észak-Alföld,lakótelep,Új lakások,2021. II.,..
Észak-Alföld,lakótelep,Új lakások,2021. III.,..
Észak-Alföld,lakótelep,Új lakások,2021. IV.,..
Észak-Alföld,lakótelep,Új lakások,2022. I.,..
Észak-Alföld,lakótelep,Új lakások,2022. II.,..
Észak-Alföld,lakótelep,Új lakások,2022. III.,..
Észak-Alföld,lakótelep,Új lakások,2022. IV.,..
Észak-Alföld,lakótelep,Új lakások,2023. I.,..
Észak-Alföld,lakótelep,Új lakások,2023. II.,..
Észak-Alföld,lakótelep,Új lakások,2023. III.,..
Észak-Alföld,lakótelep,Új lakások,2023. IV.,..
Észak-Alföld,lakótelep,Új lakások,2024. I.,..
Észak-Alföld,lakótelep,Új lakások,2024. II.,..
Észak-Alföld,lakótelep,Új lakások,2024. III.,..
Észak-Alföld,lakótelep,Új lakások,2024. IV.,..
Észak-Alföld,lakótelep,Új lakások,2025. I.,..
Észak-Alföld,lakótelep,Új lakások,2025. II.,..
Észak-Alföld,lakótelep,Új lakások,2025. III.,..
Észak-Alföld,lakótelep,Új lakások,2025. IV.,..
Észak-Alföld,együtt,Új lakások,2021. I.,33.2
Észak-Alföld,együtt,Új lakások,2021. II.,37.8
Észak-Alföld,együtt,Új lakások,2021. III.,39.6
Észak-Alföld,együtt,Új lakások,2021. IV.,37.7
Észak-Alföld,együtt,Új lakások,2022. I.,43.9
Észak-Alföld,együtt,Új lakások,2022. II.,41.3
Észak-Alföld,együtt,Új lakások,2022. III.,36.2
Észak-Alföld,együtt,Új lakások,2022. IV.,40.7
Észak-Alföld,együtt,Új lakások,2023. I.,42.8
Észak-Alföld,együtt,Új lakások,2023. II.,47.9
Észak-Alföld,együtt,Új lakások,2023. III.,43.2
Észak-Alföld,együtt,Új lakások,2023. IV.,47.3
Észak-Alföld,együtt,Új lakások,2024. I.,52.7
Észak-Alföld,együtt,Új lakások,2024. II.,51.5
Észak-Alföld,együtt,Új lakások,2024. III.,52.5
Észak-Alföld,együtt,Új lakások,2024. IV.,60.5
Észak-Alföld,együtt,Új lakások,2025. I.,61.2
Észak-Alföld,együtt,Új lakások,2025. II.,63.6
Észak-Alföld,együtt,Új lakások,2025. III.,57.1
Észak-Alföld,együtt,Új lakások,2025. IV.,63.7
Dél-Alföld,"családi ház, sorház",Új lakások,2021. I.,..
Dél-Alföld,"családi ház, sorház",Új lakások,2021. II.,..
Dél-Alföld,"családi ház, sorház",Új lakások,2021. III.,..
Dél-Alföld,"családi ház, sorház",Új lakások,2021. IV.,..
Dél-Alföld,"családi ház, sorház",Új lakások,2022. I.,..
Dél-Alföld,"családi ház, sorház",Új lakások,2022. II.,..
Dél-Alföld,"családi ház, sorház",Új lakások,2022. III.,..
Dél-Alföld,"családi ház, sorház",Új lakások,2022. IV.,..
Dél-Alföld,"családi ház, sorház",Új lakások,2023. I.,..
Dél-Alföld,"családi ház, sorház",Új lakások,2023. II.,..
Dél-Alföld,"családi ház, sorház",Új lakások,2023. III.,..
Dél-Alföld,"családi ház, sorház",Új lakások,2023. IV.,..
Dél-Alföld,"családi ház, sorház",Új lakások,2024. I.,..
Dél-Alföld,"családi ház, sorház",Új lakások,2024. II.,..
Dél-Alföld,"családi ház, sorház",Új lakások,2024. III.,..
Dél-Alföld,"családi ház, sorház",Új lakások,2024. IV.,..
Dél-Alföld,"családi ház, sorház",Új lakások,2025. I.,..
Dél-Alföld,"családi ház, sorház",Új lakások,2025. II.,..
Dél-Alföld,"családi ház, sorház",Új lakások,2025. III.,..
Dél-Alföld,"családi ház, sorház",Új lakások,2025. IV.,..
Dél-Alföld,többlakásos,Új lakások,2021. I.,29.2
Dél-Alföld,többlakásos,Új lakások,2021. II.,29.3
Dél-Alföld,többlakásos,Új lakások,2021. III.,33.8
Dél-Alföld,többlakásos,Új lakások,2021. IV.,31.9
Dél-Alföld,többlakásos,Új lakások,2022. I.,37.4
Dél-Alföld,többlakásos,Új lakások,2022. II.,39.4
Dél-Alföld,többlakásos,Új lakások,2022. III.,45.4
Dél-Alföld,többlakásos,Új lakások,2022. IV.,47.5
Dél-Alföld,többlakásos,Új lakások,2023. I.,46
Dél-Alföld,többlakásos,Új lakások,2023. II.,47.5
Dél-Alföld,többlakásos,Új lakások,2023. III.,41.7
Dél-Alföld,többlakásos,Új lakások,2023. IV.,..
Dél-Alföld,többlakásos,Új lakások,2024. I.,44.2
Dél-Alföld,többlakásos,Új lakások,2024. II.,43.7
Dél-Alföld,többlakásos,Új lakások,2024. III.,49.8
Dél-Alföld,többlakásos,Új lakások,2024. IV.,..
Dél-Alföld,többlakásos,Új lakások,2025. I.,53.4
Dél-Alföld,többlakásos,Új lakások,2025. II.,65.1
Dél-Alföld,többlakásos,Új lakások,2025. III.,..
Dél-Alföld,többlakásos,Új lakások,2025. IV.,64
Dél-Alföld,lakótelep,Új lakások,2021. I.,..
Dél-Alföld,lakótelep,Új lakások,2021. II.,..
Dél-Alföld,lakótelep,Új lakások,2021. III.,..
Dél-Alföld,lakótelep,Új lakások,2021. IV.,..
Dél-Alföld,lakótelep,Új lakások,2022. I.,..
Dél-Alföld,lakótelep,Új lakások,2022. II.,..
Dél-Alföld,lakótelep,Új lakások,2022. III.,..
Dél-Alföld,lakótelep,Új lakások,2022. IV.,..
Dél-Alföld,lakótelep,Új lakások,2023. I.,..
Dél-Alföld,lakótelep,Új lakások,2023. II.,..
Dél-Alföld,lakótelep,Új lakások,2023. III.,..
Dél-Alföld,lakótelep,Új lakások,2023. IV.,..
Dél-Alföld,lakótelep,Új lakások,2024. I.,..
Dél-Alföld,lakótelep,Új lakások,2024. II.,..
Dél-Alföld,lakótelep,Új lakások,2024. III.,..
Dél-Alföld,lakótelep,Új lakások,2024. IV.,..
Dél-Alföld,lakótelep,Új lakások,2025. I.,..
Dél-Alföld,lakótelep,Új lakások,2025. II.,..
Dél-Alföld,lakótelep,Új lakások,2025. III.,..
Dél-Alföld,lakótelep,Új lakások,2025. IV.,..
Dél-Alföld,együtt,Új lakások,2021. I.,32.1
Dél-Alföld,együtt,Új lakások,2021. II.,32
Dél-Alföld,együtt,Új lakások,2021. III.,36.5
Dél-Alföld,együtt,Új lakások,2021. IV.,33.1
Dél-Alföld,együtt,Új lakások,2022. I.,40.2
Dél-Alföld,együtt,Új lakások,2022. II.,41.4
Dél-Alföld,együtt,Új lakások,2022. III.,45.4
Dél-Alföld,együtt,Új lakások,2022. IV.,50
Dél-Alföld,együtt,Új lakások,2023. I.,46.1
Dél-Alföld,együtt,Új lakások,2023. II.,48.4
Dél-Alföld,együtt,Új lakások,2023. III.,45
Dél-Alföld,együtt,Új lakások,2023. IV.,..
Dél-Alföld,együtt,Új lakások,2024. I.,46.7
Dél-Alföld,együtt,Új lakások,2024. II.,45.4
Dél-Alföld,együtt,Új lakások,2024. III.,51.1
Dél-Alföld,együtt,Új lakások,2024. IV.,..
Dél-Alföld,együtt,Új lakások,2025. I.,62.2
Dél-Alföld,együtt,Új lakások,2025. II.,68.3
Dél-Alföld,együtt,Új lakások,2025. III.,..
Dél-Alföld,együtt,Új lakások,2025. IV.,65.9
Ország,"családi ház, sorház",Új lakások,2021. I.,52.1
Ország,"családi ház, sorház",Új lakások,2021. II.,56.7
Ország,"családi ház, sorház",Új lakások,2021. III.,53.7
Ország,"családi ház, sorház",Új lakások,2021. IV.,55.3
Ország,"családi ház, sorház",Új lakások,2022. I.,72.5
Ország,"családi ház, sorház",Új lakások,2022. II.,71.8
Ország,"családi ház, sorház",Új lakások,2022. III.,64.4
Ország,"családi ház, sorház",Új lakások,2022. IV.,75.5
Ország,"családi ház, sorház",Új lakások,2023. I.,73
Ország,"családi ház, sorház",Új lakások,2023. II.,79.5
Ország,"családi ház, sorház",Új lakások,2023. III.,72.1
Ország,"családi ház, sorház",Új lakások,2023. IV.,77.4
Ország,"családi ház, sorház",Új lakások,2024. I.,86
Ország,"családi ház, sorház",Új lakások,2024. II.,87.1
Ország,"családi ház, sorház",Új lakások,2024. III.,80.8
Ország,"családi ház, sorház",Új lakások,2024. IV.,84.8
Ország,"családi ház, sorház",Új lakások,2025. I.,90.1
Ország,"családi ház, sorház",Új lakások,2025. II.,98.6
Ország,"családi ház, sorház",Új lakások,2025. III.,96.5
Ország,"családi ház, sorház",Új lakások,2025. IV.,96.6
Ország,többlakásos,Új lakások,2021. I.,43.4
Ország,többlakásos,Új lakások,2021. II.,45.4
Ország,többlakásos,Új lakások,2021. III.,46.2
Ország,többlakásos,Új lakások,2021. IV.,46.8
Ország,többlakásos,Új lakások,2022. I.,55.8
Ország,többlakásos,Új lakások,2022. II.,52.5
Ország,többlakásos,Új lakások,2022. III.,52.2
Ország,többlakásos,Új lakások,2022. IV.,56.4
Ország,többlakásos,Új lakások,2023. I.,60.2
Ország,többlakásos,Új lakások,2023. II.,64
Ország,többlakásos,Új lakások,2023. III.,57.9
Ország,többlakásos,Új lakások,2023. IV.,62.5
Ország,többlakásos,Új lakások,2024. I.,68.5
Ország,többlakásos,Új lakások,2024. II.,67.3
Ország,többlakásos,Új lakások,2024. III.,68
Ország,többlakásos,Új lakások,2024. IV.,72.1
Ország,többlakásos,Új lakások,2025. I.,79.2
Ország,többlakásos,Új lakások,2025. II.,83
Ország,többlakásos,Új lakások,2025. III.,77.1
Ország,többlakásos,Új lakások,2025. IV.,80.6
Ország,lakótelep,Új lakások,2021. I.,44
Ország,lakótelep,Új lakások,2021. II.,39.3
Ország,lakótelep,Új lakások,2021. III.,..
Ország,lakótelep,Új lakások,2021. IV.,..
Ország,lakótelep,Új lakások,2022. I.,..
Ország,lakótelep,Új lakások,2022. II.,..
Ország,lakótelep,Új lakások,2022. III.,..
Ország,lakótelep,Új lakások,2022. IV.,..
Ország,lakótelep,Új lakások,2023. I.,..
Ország,lakótelep,Új lakások,2023. II.,..
Ország,lakótelep,Új lakások,2023. III.,..
Ország,lakótelep,Új lakások,2023. IV.,..
Ország,lakótelep,Új lakások,2024. I.,..
Ország,lakótelep,Új lakások,2024. II.,..
Ország,lakótelep,Új lakások,2024. III.,..
Ország,lakótelep,Új lakások,2024. IV.,..
Ország,lakótelep,Új lakások,2025. I.,..
Ország,lakótelep,Új lakások,2025. II.,..
Ország,lakótelep,Új lakások,2025. III.,..
Ország,lakótelep,Új lakások,2025. IV.,..
Ország,összesen,Új lakások,2021. I.,44.4
Ország,összesen,Új lakások,2021. II.,46.4
Ország,összesen,Új lakások,2021. III.,46.8
Ország,összesen,Új lakások,2021. IV.,47.5
Ország,összesen,Új lakások,2022. I.,57.8
Ország,összesen,Új lakások,2022. II.,53.9
Ország,összesen,Új lakások,2022. III.,53.1
Ország,összesen,Új lakások,2022. IV.,57.8
Ország,összesen,Új lakások,2023. I.,61.7
Ország,összesen,Új lakások,2023. II.,66.4
Ország,összesen,Új lakások,2023. III.,58.9
Ország,összesen,Új lakások,2023. IV.,63.5
Ország,összesen,Új lakások,2024. I.,70.6
Ország,összesen,Új lakások,2024. II.,69.8
Ország,összesen,Új lakások,2024. III.,69.1
Ország,összesen,Új lakások,2024. IV.,73.1
Ország,összesen,Új lakások,2025. I.,80.4
Ország,összesen,Új lakások,2025. II.,85
Ország,összesen,Új lakások,2025. III.,79.1
Ország,összesen,Új lakások,2025. IV.,81.9
